-- Anonymized showcase seed data, generated from a production dump.
-- Data only: schema is created by the drizzle/*.sql migration files.

SET client_encoding = 'UTF8';

BEGIN;

COPY public.team (id, name) FROM stdin;
e8fd18ca-d2fe-4178-94e9-6d05311e2118	Team 1
dc6ab123-88e8-4c07-958e-7fdb71cee4a6	Team 2
734ff428-eade-44fd-a6b5-0f397754aafd	Team 3
9b341819-a9e7-41e8-9f08-a31a40717afd	Team 4
61d2643d-6117-4b81-bec4-12da5fe32260	Team 5
9fcc19f9-6975-47c1-8898-390e1843f1ed	Team 6
\.

COPY public.users (id, username, external_id, profile_picture, description, admin, preferred_lang, team_id) FROM stdin;
764d8f44-d8f0-4173-b794-304685da62bc	NightOwl	\N	data:image/svg+xml;base64,PHN2ZyB4bWxucz0naHR0cDovL3d3dy53My5vcmcvMjAwMC9zdmcnIHdpZHRoPScxMjgnIGhlaWdodD0nMTI4Jz48cmVjdCB3aWR0aD0nMTI4JyBoZWlnaHQ9JzEyOCcgcng9JzY0JyBmaWxsPScjRkRFMkM4Jy8+PHRleHQgeD0nNTAlJyB5PSc1NCUnIGZvbnQtc2l6ZT0nNzInIHRleHQtYW5jaG9yPSdtaWRkbGUnIGRvbWluYW50LWJhc2VsaW5lPSdtaWRkbGUnPvCfpoo8L3RleHQ+PC9zdmc+	Still trying to figure out how leaderboards work.	f	de	e8fd18ca-d2fe-4178-94e9-6d05311e2118
c1fb4537-aafb-4690-b0d0-762d2f052088	SilverFox	\N	data:image/svg+xml;base64,PHN2ZyB4bWxucz0naHR0cDovL3d3dy53My5vcmcvMjAwMC9zdmcnIHdpZHRoPScxMjgnIGhlaWdodD0nMTI4Jz48cmVjdCB3aWR0aD0nMTI4JyBoZWlnaHQ9JzEyOCcgcng9JzY0JyBmaWxsPScjRERFQkY3Jy8+PHRleHQgeD0nNTAlJyB5PSc1NCUnIGZvbnQtc2l6ZT0nNzInIHRleHQtYW5jaG9yPSdtaWRkbGUnIGRvbWluYW50LWJhc2VsaW5lPSdtaWRkbGUnPvCfkLw8L3RleHQ+PC9zdmc+	Collects lootboxes, not participation trophies.	f	de	dc6ab123-88e8-4c07-958e-7fdb71cee4a6
a52b4a7c-7815-4f6b-a69f-44dd368d3fe0	LuckyPanda	\N	data:image/svg+xml;base64,PHN2ZyB4bWxucz0naHR0cDovL3d3dy53My5vcmcvMjAwMC9zdmcnIHdpZHRoPScxMjgnIGhlaWdodD0nMTI4Jz48cmVjdCB3aWR0aD0nMTI4JyBoZWlnaHQ9JzEyOCcgcng9JzY0JyBmaWxsPScjRUFFMkY4Jy8+PHRleHQgeD0nNTAlJyB5PSc1NCUnIGZvbnQtc2l6ZT0nNzInIHRleHQtYW5jaG9yPSdtaWRkbGUnIGRvbWluYW50LWJhc2VsaW5lPSdtaWRkbGUnPvCfpok8L3RleHQ+PC9zdmc+	Will trade a streak freeze for coffee.	f	de	9b341819-a9e7-41e8-9f08-a31a40717afd
7a211c78-8837-4e84-86ff-4853f63ba356	QuietStorm	\N	data:image/svg+xml;base64,PHN2ZyB4bWxucz0naHR0cDovL3d3dy53My5vcmcvMjAwMC9zdmcnIHdpZHRoPScxMjgnIGhlaWdodD0nMTI4Jz48cmVjdCB3aWR0aD0nMTI4JyBoZWlnaHQ9JzEyOCcgcng9JzY0JyBmaWxsPScjRDlGMkU2Jy8+PHRleHQgeD0nNTAlJyB5PSc1NCUnIGZvbnQtc2l6ZT0nNzInIHRleHQtYW5jaG9yPSdtaWRkbGUnIGRvbWluYW50LWJhc2VsaW5lPSdtaWRkbGUnPvCfpqY8L3RleHQ+PC9zdmc+	Professional meeting attendee.	f	de	61d2643d-6117-4b81-bec4-12da5fe32260
eb4aa5f1-f303-4e75-80a6-72bd408ed372	BusyBeaver	\N	data:image/svg+xml;base64,PHN2ZyB4bWxucz0naHR0cDovL3d3dy53My5vcmcvMjAwMC9zdmcnIHdpZHRoPScxMjgnIGhlaWdodD0nMTI4Jz48cmVjdCB3aWR0aD0nMTI4JyBoZWlnaHQ9JzEyOCcgcng9JzY0JyBmaWxsPScjRTZFNkU2Jy8+PHRleHQgeD0nNTAlJyB5PSc1NCUnIGZvbnQtc2l6ZT0nNzInIHRleHQtYW5jaG9yPSdtaWRkbGUnIGRvbWluYW50LWJhc2VsaW5lPSdtaWRkbGUnPvCfkKg8L3RleHQ+PC9zdmc+	Achievements are just trophies for showing up.	f	de	dc6ab123-88e8-4c07-958e-7fdb71cee4a6
376ac68a-02a9-4385-98ef-15da219b8bfb	SwiftArrow	\N	data:image/svg+xml;base64,PHN2ZyB4bWxucz0naHR0cDovL3d3dy53My5vcmcvMjAwMC9zdmcnIHdpZHRoPScxMjgnIGhlaWdodD0nMTI4Jz48cmVjdCB3aWR0aD0nMTI4JyBoZWlnaHQ9JzEyOCcgcng9JzY0JyBmaWxsPScjRERFRUZCJy8+PHRleHQgeD0nNTAlJyB5PSc1NCUnIGZvbnQtc2l6ZT0nNzInIHRleHQtYW5jaG9yPSdtaWRkbGUnIGRvbWluYW50LWJhc2VsaW5lPSdtaWRkbGUnPvCfkKc8L3RleHQ+PC9zdmc+	Currently loading personality...	f	de	dc6ab123-88e8-4c07-958e-7fdb71cee4a6
5b2fcc00-eb67-4bb6-8d14-955510d0508b	CleverFalcon	\N	data:image/svg+xml;base64,PHN2ZyB4bWxucz0naHR0cDovL3d3dy53My5vcmcvMjAwMC9zdmcnIHdpZHRoPScxMjgnIGhlaWdodD0nMTI4Jz48cmVjdCB3aWR0aD0nMTI4JyBoZWlnaHQ9JzEyOCcgcng9JzY0JyBmaWxsPScjRjZFNkQ4Jy8+PHRleHQgeD0nNTAlJyB5PSc1NCUnIGZvbnQtc2l6ZT0nNzInIHRleHQtYW5jaG9yPSdtaWRkbGUnIGRvbWluYW50LWJhc2VsaW5lPSdtaWRkbGUnPvCfppQ8L3RleHQ+PC9zdmc+	Ask me about my quiz streak.	f	de	61d2643d-6117-4b81-bec4-12da5fe32260
89333b50-be49-4626-987e-8c598fc5a76c	BraveLion	\N	data:image/svg+xml;base64,PHN2ZyB4bWxucz0naHR0cDovL3d3dy53My5vcmcvMjAwMC9zdmcnIHdpZHRoPScxMjgnIGhlaWdodD0nMTI4Jz48cmVjdCB3aWR0aD0nMTI4JyBoZWlnaHQ9JzEyOCcgcng9JzY0JyBmaWxsPScjRkRFQkYwJy8+PHRleHQgeD0nNTAlJyB5PSc1NCUnIGZvbnQtc2l6ZT0nNzInIHRleHQtYW5jaG9yPSdtaWRkbGUnIGRvbWluYW50LWJhc2VsaW5lPSdtaWRkbGUnPvCfkLA8L3RleHQ+PC9zdmc+	Here for the points, staying for the vibes.	f	de	9b341819-a9e7-41e8-9f08-a31a40717afd
bf8a2467-d9df-49b9-9397-59e72b9c64cf	CalmRiver	\N	data:image/svg+xml;base64,PHN2ZyB4bWxucz0naHR0cDovL3d3dy53My5vcmcvMjAwMC9zdmcnIHdpZHRoPScxMjgnIGhlaWdodD0nMTI4Jz48cmVjdCB3aWR0aD0nMTI4JyBoZWlnaHQ9JzEyOCcgcng9JzY0JyBmaWxsPScjRjNFNEQyJy8+PHRleHQgeD0nNTAlJyB5PSc1NCUnIGZvbnQtc2l6ZT0nNzInIHRleHQtYW5jaG9yPSdtaWRkbGUnIGRvbWluYW50LWJhc2VsaW5lPSdtaWRkbGUnPvCfpp08L3RleHQ+PC9zdmc+	Top of the leaderboard, bottom of the inbox.	f	de	e8fd18ca-d2fe-4178-94e9-6d05311e2118
f1dab5d6-1a46-411a-bfc2-9812d56e1336	MightyOak	\N	data:image/svg+xml;base64,PHN2ZyB4bWxucz0naHR0cDovL3d3dy53My5vcmcvMjAwMC9zdmcnIHdpZHRoPScxMjgnIGhlaWdodD0nMTI4Jz48cmVjdCB3aWR0aD0nMTI4JyBoZWlnaHQ9JzEyOCcgcng9JzY0JyBmaWxsPScjRTlFRkQ4Jy8+PHRleHQgeD0nNTAlJyB5PSc1NCUnIGZvbnQtc2l6ZT0nNzInIHRleHQtYW5jaG9yPSdtaWRkbGUnIGRvbWluYW50LWJhc2VsaW5lPSdtaWRkbGUnPvCfkL/vuI88L3RleHQ+PC9zdmc+	Powerup hoarder extraordinaire.	f	de	e8fd18ca-d2fe-4178-94e9-6d05311e2118
96029dba-9573-4e84-993a-3b347743b81e	GoldenEagle	\N	data:image/svg+xml;base64,PHN2ZyB4bWxucz0naHR0cDovL3d3dy53My5vcmcvMjAwMC9zdmcnIHdpZHRoPScxMjgnIGhlaWdodD0nMTI4Jz48cmVjdCB3aWR0aD0nMTI4JyBoZWlnaHQ9JzEyOCcgcng9JzY0JyBmaWxsPScjRDZFRUZBJy8+PHRleHQgeD0nNTAlJyB5PSc1NCUnIGZvbnQtc2l6ZT0nNzInIHRleHQtYW5jaG9yPSdtaWRkbGUnIGRvbWluYW50LWJhc2VsaW5lPSdtaWRkbGUnPvCfkKw8L3RleHQ+PC9zdmc+	My team carries me, don't tell them.	f	de	734ff428-eade-44fd-a6b5-0f397754aafd
914b48d1-a852-4c24-9176-7f5ac3758710	WittyRaven	\N	data:image/svg+xml;base64,PHN2ZyB4bWxucz0naHR0cDovL3d3dy53My5vcmcvMjAwMC9zdmcnIHdpZHRoPScxMjgnIGhlaWdodD0nMTI4Jz48cmVjdCB3aWR0aD0nMTI4JyBoZWlnaHQ9JzEyOCcgcng9JzY0JyBmaWxsPScjRURFM0QzJy8+PHRleHQgeD0nNTAlJyB5PSc1NCUnIGZvbnQtc2l6ZT0nNzInIHRleHQtYW5jaG9yPSdtaWRkbGUnIGRvbWluYW50LWJhc2VsaW5lPSdtaWRkbGUnPvCfpqU8L3RleHQ+PC9zdmc+	Reads the rules page. Sometimes.	f	de	dc6ab123-88e8-4c07-958e-7fdb71cee4a6
4995b099-3bc0-477b-8bad-f64416ace40a	SharpShooter	\N	data:image/svg+xml;base64,PHN2ZyB4bWxucz0naHR0cDovL3d3dy53My5vcmcvMjAwMC9zdmcnIHdpZHRoPScxMjgnIGhlaWdodD0nMTI4Jz48cmVjdCB3aWR0aD0nMTI4JyBoZWlnaHQ9JzEyOCcgcng9JzY0JyBmaWxsPScjRjVFOURBJy8+PHRleHQgeD0nNTAlJyB5PSc1NCUnIGZvbnQtc2l6ZT0nNzInIHRleHQtYW5jaG9yPSdtaWRkbGUnIGRvbWluYW50LWJhc2VsaW5lPSdtaWRkbGUnPvCfppk8L3RleHQ+PC9zdmc+	Certified guild enthusiast.	f	de	dc6ab123-88e8-4c07-958e-7fdb71cee4a6
cfa91a77-261c-489a-8e1e-fca22a03a92f	FrostByte	\N	data:image/svg+xml;base64,PHN2ZyB4bWxucz0naHR0cDovL3d3dy53My5vcmcvMjAwMC9zdmcnIHdpZHRoPScxMjgnIGhlaWdodD0nMTI4Jz48cmVjdCB3aWR0aD0nMTI4JyBoZWlnaHQ9JzEyOCcgcng9JzY0JyBmaWxsPScjRkJFN0RBJy8+PHRleHQgeD0nNTAlJyB5PSc1NCUnIGZvbnQtc2l6ZT0nNzInIHRleHQtYW5jaG9yPSdtaWRkbGUnIGRvbWluYW50LWJhc2VsaW5lPSdtaWRkbGUnPvCfkLk8L3RleHQ+PC9zdmc+	Level up or go home.	f	de	dc6ab123-88e8-4c07-958e-7fdb71cee4a6
a3932a55-0ac5-41f4-876c-627a9ea93472	SunnySide	\N	data:image/svg+xml;base64,PHN2ZyB4bWxucz0naHR0cDovL3d3dy53My5vcmcvMjAwMC9zdmcnIHdpZHRoPScxMjgnIGhlaWdodD0nMTI4Jz48cmVjdCB3aWR0aD0nMTI4JyBoZWlnaHQ9JzEyOCcgcng9JzY0JyBmaWxsPScjRENFQkYwJy8+PHRleHQgeD0nNTAlJyB5PSc1NCUnIGZvbnQtc2l6ZT0nNzInIHRleHQtYW5jaG9yPSdtaWRkbGUnIGRvbWluYW50LWJhc2VsaW5lPSdtaWRkbGUnPvCfpq08L3RleHQ+PC9zdmc+	Quietly judging the quiz questions.	f	de	9b341819-a9e7-41e8-9f08-a31a40717afd
556ced4c-fb1f-43ba-81de-691b83702593	IronWill	\N	data:image/svg+xml;base64,PHN2ZyB4bWxucz0naHR0cDovL3d3dy53My5vcmcvMjAwMC9zdmcnIHdpZHRoPScxMjgnIGhlaWdodD0nMTI4Jz48cmVjdCB3aWR0aD0nMTI4JyBoZWlnaHQ9JzEyOCcgcng9JzY0JyBmaWxsPScjREVGMEREJy8+PHRleHQgeD0nNTAlJyB5PSc1NCUnIGZvbnQtc2l6ZT0nNzInIHRleHQtYW5jaG9yPSdtaWRkbGUnIGRvbWluYW50LWJhc2VsaW5lPSdtaWRkbGUnPvCfkKI8L3RleHQ+PC9zdmc+	Streak freeze is my emotional support powerup.	f	en	e8fd18ca-d2fe-4178-94e9-6d05311e2118
d97f84ba-1d2f-4e32-9d40-6e28f38d80b6	RapidFire	\N	data:image/svg+xml;base64,PHN2ZyB4bWxucz0naHR0cDovL3d3dy53My5vcmcvMjAwMC9zdmcnIHdpZHRoPScxMjgnIGhlaWdodD0nMTI4Jz48cmVjdCB3aWR0aD0nMTI4JyBoZWlnaHQ9JzEyOCcgcng9JzY0JyBmaWxsPScjRTFGNURGJy8+PHRleHQgeD0nNTAlJyB5PSc1NCUnIGZvbnQtc2l6ZT0nNzInIHRleHQtYW5jaG9yPSdtaWRkbGUnIGRvbWluYW50LWJhc2VsaW5lPSdtaWRkbGUnPvCfkLg8L3RleHQ+PC9zdmc+	Yes, I read the changelog.	f	de	61d2643d-6117-4b81-bec4-12da5fe32260
871137dd-b3f3-4b4d-9f61-2c44169a54f9	CosmicDust	\N	data:image/svg+xml;base64,PHN2ZyB4bWxucz0naHR0cDovL3d3dy53My5vcmcvMjAwMC9zdmcnIHdpZHRoPScxMjgnIGhlaWdodD0nMTI4Jz48cmVjdCB3aWR0aD0nMTI4JyBoZWlnaHQ9JzEyOCcgcng9JzY0JyBmaWxsPScjRjBFMEY1Jy8+PHRleHQgeD0nNTAlJyB5PSc1NCUnIGZvbnQtc2l6ZT0nNzInIHRleHQtYW5jaG9yPSdtaWRkbGUnIGRvbWluYW50LWJhc2VsaW5lPSdtaWRkbGUnPvCfpos8L3RleHQ+PC9zdmc+	Probably in a meeting right now.	f	de	9b341819-a9e7-41e8-9f08-a31a40717afd
9634435c-ab0f-4f48-8f0d-9dbd43347921	PixelPilot	\N	data:image/svg+xml;base64,PHN2ZyB4bWxucz0naHR0cDovL3d3dy53My5vcmcvMjAwMC9zdmcnIHdpZHRoPScxMjgnIGhlaWdodD0nMTI4Jz48cmVjdCB3aWR0aD0nMTI4JyBoZWlnaHQ9JzEyOCcgcng9JzY0JyBmaWxsPScjRjlEREU2Jy8+PHRleHQgeD0nNTAlJyB5PSc1NCUnIGZvbnQtc2l6ZT0nNzInIHRleHQtYW5jaG9yPSdtaWRkbGUnIGRvbWluYW50LWJhc2VsaW5lPSdtaWRkbGUnPvCfkJk8L3RleHQ+PC9zdmc+	Optimizing my point-to-effort ratio.	f	de	dc6ab123-88e8-4c07-958e-7fdb71cee4a6
7320e846-88e8-4647-be9c-e3d79619025e	TurboTiger	\N	data:image/svg+xml;base64,PHN2ZyB4bWxucz0naHR0cDovL3d3dy53My5vcmcvMjAwMC9zdmcnIHdpZHRoPScxMjgnIGhlaWdodD0nMTI4Jz48cmVjdCB3aWR0aD0nMTI4JyBoZWlnaHQ9JzEyOCcgcng9JzY0JyBmaWxsPScjRENFRUZBJy8+PHRleHQgeD0nNTAlJyB5PSc1NCUnIGZvbnQtc2l6ZT0nNzInIHRleHQtYW5jaG9yPSdtaWRkbGUnIGRvbWluYW50LWJhc2VsaW5lPSdtaWRkbGUnPvCfkLM8L3RleHQ+PC9zdmc+	My profile picture took longer than my last PR.	f	en	e8fd18ca-d2fe-4178-94e9-6d05311e2118
38b28187-c7e2-49bb-9e6c-46536a5ee05f	ZenMaster	\N	data:image/svg+xml;base64,PHN2ZyB4bWxucz0naHR0cDovL3d3dy53My5vcmcvMjAwMC9zdmcnIHdpZHRoPScxMjgnIGhlaWdodD0nMTI4Jz48cmVjdCB3aWR0aD0nMTI4JyBoZWlnaHQ9JzEyOCcgcng9JzY0JyBmaWxsPScjRjZFMEYwJy8+PHRleHQgeD0nNTAlJyB5PSc1NCUnIGZvbnQtc2l6ZT0nNzInIHRleHQtYW5jaG9yPSdtaWRkbGUnIGRvbWluYW50LWJhc2VsaW5lPSdtaWRkbGUnPvCfpoQ8L3RleHQ+PC9zdmc+	Send lootboxes, not feedback.	f	de	734ff428-eade-44fd-a6b5-0f397754aafd
27674ab5-bf83-4940-bfef-70999cd95abd	NovaSpark	\N	data:image/svg+xml;base64,PHN2ZyB4bWxucz0naHR0cDovL3d3dy53My5vcmcvMjAwMC9zdmcnIHdpZHRoPScxMjgnIGhlaWdodD0nMTI4Jz48cmVjdCB3aWR0aD0nMTI4JyBoZWlnaHQ9JzEyOCcgcng9JzY0JyBmaWxsPScjRkNFM0VDJy8+PHRleHQgeD0nNTAlJyB5PSc1NCUnIGZvbnQtc2l6ZT0nNzInIHRleHQtYW5jaG9yPSdtaWRkbGUnIGRvbWluYW50LWJhc2VsaW5lPSdtaWRkbGUnPvCfpqk8L3RleHQ+PC9zdmc+	Still undefeated at the protocol raffle.	f	de	9fcc19f9-6975-47c1-8898-390e1843f1ed
eeff60c3-03cf-4496-8a73-d27149a2aa53	EchoWave	\N	data:image/svg+xml;base64,PHN2ZyB4bWxucz0naHR0cDovL3d3dy53My5vcmcvMjAwMC9zdmcnIHdpZHRoPScxMjgnIGhlaWdodD0nMTI4Jz48cmVjdCB3aWR0aD0nMTI4JyBoZWlnaHQ9JzEyOCcgcng9JzY0JyBmaWxsPScjRkNGM0QyJy8+PHRleHQgeD0nNTAlJyB5PSc1NCUnIGZvbnQtc2l6ZT0nNzInIHRleHQtYW5jaG9yPSdtaWRkbGUnIGRvbWluYW50LWJhc2VsaW5lPSdtaWRkbGUnPvCfkKU8L3RleHQ+PC9zdmc+	Here to have fun and calculate ROI on powerups.	f	de	61d2643d-6117-4b81-bec4-12da5fe32260
d397c9db-5347-451c-a872-6e31f83874f9	testuser	\N	\N	Regular member account - see the guild engine like a normal participant.	f	en	e8fd18ca-d2fe-4178-94e9-6d05311e2118
b1291e45-4242-43f7-8e3b-079b5ce09d7b	admin	\N	\N	Administrator account - configure quizzes, achievements, teams and more.	t	en	e8fd18ca-d2fe-4178-94e9-6d05311e2118
\.

COPY public.achievements (id, title, description, image, criteria) FROM stdin;
309efc9c-1b9b-4e99-a452-1ba9059da63f	Completionist	Erstelle dir ein vollständiges Profil	data:image/webp;base64,UklGRnYOAABXRUJQVlA4IGoOAACwOQCdASpUAFQAPjESh0KiIQzmX0gQAYJbADQUQA60bpPefNAsv99/A/sZ/wHWhGh7Fv3H3VfQr0IeYB+rPSb/Zn1AfrF+3nvAfjN7xv2G9gD+Wf1zrQP2q9g39kfTD/Y/4NP2a/Y/4Cv2H/+/WAcJz/XOyj+2/jH56/hXyn9I/JH93vVu6Tr+Q8i31r+1f1H9sP7Z+4HwP/T/AH4Of0HqBfi38m/rH5Uezj6B/iO0Kyf+Uf8L+zewF6ffMP8d/c/3A/vfm7/y3od9M/9B7gH8T/nn+K/rv7m/374D/oH+I8Qb5Z/Ovsz+gD+Tfzb/Ff4b91/9V9GX6Z/m/7/+6/+W9jX4x/Pv8//ev8f/3v8B9gP8a/l/+W/t/+Y/7/+D////c+3H1T/rZ7Cn6n/f2utuQFycUTzXmTcvDFSgCWTpWf5i5S6+YICqkA83YWRbXOAMBOT7X0PmdsuhGEanQdWx+5HckN7G7fj9IXLWRGotHaRb+WpA50WJwB/f0Q17sJ6oHFD7Nnq3RsWw2ZTBiJmvVIlR6OxjShgze+FaHW8J/eS7TuctqlEzRFxComoYPJPl2Ngh8OMNb3JlcO92jxb8/1yvjtqeu2BcgJDtpWsxbqSqnjhAoAD+/9KENMxTWwcfAueN3NSO14cjkaNzWlAjSXrUMXPpY5HCN/smxlVKA4Q0PD/APiaZtB4DZA3+42YA9vYLkSMpL4DR31Li7aEIAYcrcoUhrwJ96Vw4GTy/S4dlXDq223b35MhFC0e1o/+3aJhcl6rmBiAkXoo34M7ZP2IbXM3FhHvHDvVcCyeYKkpZqN/e618/5wcc7sQKEfCd07fzSM1ozRFoXXcACfH9B9K4atoQt2aP/RuKZUXMIE77H99CMY5eODkGx6TKKkPdU5t14C/086N9MK/2fLEETmQeqLInDfiLy3JLt7c+c8qpYc3/0pQCNsnuuum6F5NpK/NyPB74OQXwh27lp+ieIUAbyKomH8Z/RolOm5c/zQ2sO+/H+Lqy63AyB3yKLUn8aPxy0PjFY0CyhxfPTnH5y2HVhusi9DMbtLe79uHGrK1to8xWrdCaG5WpcPz9i3POdaYwn7sqdHJNfpCcRzfZbktn9BtrePhSEVUjdGPEicPSDFpTYNwNbSbzmGHtYfOB3ClEsw8vsYWPBJAKfnRTJ3gpkq4tJwNgueYdJrzeCnC6n59t37rKPPqyf0g8dDK3Ak6wvGshrQN9t8ui+Hv7N8duFtoWpocld+DIRwGtUYmZho/NOWJsMPWaD34za0+8jwjr5rMdCjCQSo+/4mR1Iurt04SarubSpdDHui5ZVq88lhtCvjOjl8IllFLU7YvM2af4NKTIyPAHWiS/GPpnQ1bRi0ECXiYFd2F7mjYQTsA3c/laQ9ffKTXrXwNTaMlzqNlN+MT0JgJrubY0kfMJRw3GEvegH4ZAI9nqKqPpf8sddLVSRoyYnxlqxbegNpwG/o1JiNDeog3XfKIeK1WEmOFHBDuAbL9LmnWAGmxreHzAq6eTVe0tchTHQMzz++lROBs36tAH4ESNmImu19VLoJuBpQymWDHsJ3sns/E7TweXwLMgDOLkuZBSbawB38+C2mkFD0tTuKReFUS775kYEGo4TXQq2PJMjsgC4E/ZOWCF0SUGe9tQvjF1cxKGEVswK1SetbbYlduazp/KlE3Mdl67KEIOrLZxDp8aQJb/upjVz5JOCywZrMmwtUQPaYYhLenoS+BJ0QTZUNyu6C80xDy0qRO5P7M/6xZcRkgra4P4aWAHVgpaF+JrxFc2neL7WHAdDxbjkwIbEZd8zjAaDeXEy9bu3X1FMFrINA78kqZqdj7/ViBygUa0pdk/dxBPRG+7Kq3wN8n/U2WpKqlxNwZhPrNEGQHZ0us+1aPbxnL9Yp8Nno786xFy7PU+kRn0ynkh/d/RVNl0D3LT2Dbn7VWVXlALqH43dxdMrZDdmziBLQBKaAuZpWFUPOF8AgDpzvM+wuDGaDkx9K9BeEecEd04yy9gasz7bVK70snGJXIBbKPct+kSaXWioMTx5eDawfVcDKaP0NOsvoq3KlSdPAt6D9yN8ckheJeqLlsggNKpYPuJ5w3iOGmrS5U2y5aVoPwqpZ7V6X3jxHpIvMzFhpqXQE7PSuOQ05simhqP/5escJ6k6wcF3kk2AUilh6/yJb2trL0vGkZceQN5iYV3YOtovDEAwiHVOZ99YXWI07l0GlBWMxrwSxTWAqdBSXFtDQT1ozQ+mMeDh/qyBQbFqfkXY7UT9M8xlJ8pKBZXgCISbiJWZ+/pkQFQV88RM7zBaWvq9TNKdOfHvSmr4oziz8tyFNfCY+RB9zs+SKMeEFTi3F0OezwbSX0JXvsmdgtCSRlk8xOtmOC704H7WhmSvF/qU6nxfrrIB/d8QmZnZFSPgE2BBAuIGfMl0zwLTTOrGxCS2h7YQID22UEtErWGMHOVNxIeIikSsCNA0obddT8voSkKXrY/UAi2MYHfKq5keJyTD3RYPYKaG9VqlWsQ0Q/RQa8YwdTy83gifN6tRdyvPqp6+UtAx2vycIhxlop9XeDXItWkw39c0XKaznArlqGT4auxghGvFHdRIUXeiPh7GsbqYsx24RQcfMmSlI+a+Umqf24NzW0taPwUXQ94dIX9aAfIG2KPyiG2sGcU+DUVfh8a/KdvqNkLiz6/4c4Hx90Cfsu1sBXHE+oAlSt1cSj8kdNQpwhXWyRO2col7NaXnKlGWP3AvBAcmXDA2CpXdMUCH/pzBZouLCNUeT8G9WF8fFEgaCgN6MnSBoumA9hRT4EDPx/Kc0CiyNIHzWX5gzLrY8aS8RwO71tw5Ee++nTaNp8reQFU9QGJIfsyGBsBvuOTnQmpdzRQzjMvCcifZtrd8b85IOFdNaXJoF/hO4MTtdc0JDcFVQNvpcqBpN3EKYvj1ewILJnrZReE41NoorGdMmE2o63AZ646m4ODLrJel2mMMb8QVFUk4a7AzotrODNB94YKc4htJZ9i3q1m3CwKmK8SE3sH+8LJ4btKyUGw5IpALb0L4S3cDoh6p+VQEph4qTEAWfPUgWhHdJo6AZFIt/gGu6diOpNlyZjd+puAH+QJ+SbpA1vRFRqf0KebCnIZjbW47ZO7GhlxvuAL+S8reKnnTZvuMPsct9Nfgp6+hhJNezclx72QEL9jz6lSIAt5ZsOWONRsPUEbIdFoHyiNPiPu3/A/Z+TADEu21EZDDuaHXp2ibWL2Pg4aPWwQGcHEGpRHLAwywnZfk09+oPb383M2JxCu9W4nYYX3OZlgVCVBRpZNHBl+g3r/+feoc68+kEghiZla02fHtCT6Fl2pDYx4EQt5CPHMdys7zNT+SxqcDqEMGg9nFIAehS68B67bYL1VZYOfYWUSnm7rcttcZkrmHo/EC2UGkn1duckxW2/HqvSeKIOXNiOxEcedCsapd1Q885uqMtTi7+6MC1CQT40WkVnKCvQQwxGpUfzjqFHFP4nvvkw4EGHX5Cqsp9E3tynbhLdIMVuzKNrW6+tBBi34DWBmlN6fcpCQ8ZAWV+Php6VZ8bIdtVWUgszuHO3IMrFZOxcqturvwonDI6OWtdHo/wb1xpy4xkgp821vc0pIndb8yoaWOzMF1zgT5WQP5q5F4p3VRuXcpuqPQkU27TBSDa7J0bLdPe/mTs/ljrp9mJ9ud9zmE4p2CqBgJRyZ0Wi0gn1xhKDLMjrJBCLfHsng+8ODKw1aK4tueZo+eQcUMIysMHKlsoctmXpZ8TqCYKUHGtxbO1QFRGSx9dQs67SscmiqPIXO9BeXfpUSVnNngsCXxKbyulO+S7IR2VQjF6HRhB1XXURkt9ccy5OxZ7aEB6xQf1+khVINt8RJfEj5ei+R4Z28hCABA4ztGKQCi6Lp6gleGOkhE+eztHS3bcQgayoDDrLc0UFJU2ARAvel6R1zr9S8THT1uWjIyRyHcPegtFXZkFBvbLBmw0t9XJRYoDsxUJxjevEvP04Ok0A9ePw2ydD8+nnp5OENhxJGzC8HQ6Ca+TeOH7M+aUoe5jnNIv0bUNjQBqUAtgzzAzikmUIScIWRfIKWIKXCV681yRgEJZ0cl6+0LIEKKZ2aa0rzYDV2U14DBfkrSxyWl/iIv29LT0h3nsP02t+DS09/QYfuT3nwzaGgARWHlFxsTicY1NJQrcLv6DLEgXkEN2Z71TjXpwLholuEiuZNmf91wGfRjRY+eOWPCzWiPoYZl9S/HNh6iewGQkgFyAitcK2pxHCnYwE3P2DSWR5/TAK86R0Suo1u+tSi2pYa82wS+kggPlGDmsrisAfMg8ajWCs2UsGEJwvtB9hstoWPJCaknqjMN0JOFSS+5GA1Mu5+KqbSG7hluPPIYBiVypyB/sIZSXVAMrUY7lMh1HPOfCHcjrLdJCPzeUiOYnH8/fJlZ3X4yaUMFicC1d+tNxZvpWv3fMHD7N32DS44DROidDSws2i6qy6CKM8RUwjS3DwA7kkA/D+sVW2h/eHIY8nTAtThsdM1ECsHAquO0Wvdlg5fis3TdFGrUYADuphuvVQmNq/5eDmwywEtF1URfeXmRt0Qz+HmVCXo+70i7M9dObiTQNYVp9jjScaPKnO4dQ+t+cX6aO0CcSJy1Zfz2LbR19/uNUv+vfTXR6HsLJfsveh46pk4ASph++wcjKTFSgEM6dOKa9EplzvZyowrBDn2pMDcq0Pm13DhsCasxL0cu9jlkPqmATTOHK4O+i/kDVMskc6nBCYoSsIJmN9eQKKbAbf5QmTRssA1QIIvqX7Oxm9JDUGCHM/6BrAtczjQsUs0pMA50gAAAA1K8gnIWXFfLBXUzoqZRkfdJolT8ZcsuV+4OFa8ZXawWmrbQR5OeVYvW7+bcfl3lXYbCD5KkB1gCSSi3IjwGRkoMJSe17jwn5NCsoAAAAA=	{"mode": "manual"}
2826198b-140c-4b4f-85be-da032ddd7611	Top of the Round	Erreiche den ersten Platz auf der Individuellen Rangliste	data:image/webp;base64,UklGRtoMAABXRUJQVlA4WAoAAAAQAAAAUwAAUwAAQUxQSNsBAAABkGtr2yE6b2zbtu2ks23jFpLKttEZl5D6dLFt2+a8xfz/N98/3xyki4gJwP/k4iRZImPozRQKM+Sl5Et2UGxmOMkt6dhMclQ6itK9MNxcukukoDD9q0Mtob9YOEpDUZqqj77tkr2+52n6IqIPEvgpD/VHCT7Y+KpUw9fKRmHRFwGFgleiIqEggr+mpJEPIqiWOXZ1sa+oYL+AYsEeQSnfoqvHy7pK0fnPhXK+Fr4mSk19leD+R2cpAO3pd6Gehz6K/wjobQY3/Z0BSl1/ff9crWX0/fH9c1GKHAUKuziY8JKrA4UKJynenoixjknItjEmWi9KGlsqIgAqAqB4XYz692KU90BnjaHoLGPsriwStVAgqAoqNBRFhUQAUDpJOqsCgKgQHkk4BqBJYCClLwA8lPCXle+UvkC8mCQLi0GYFUiYTbOyYUASZANyhT9ZcC5Z7SwokgxZgFxiq73xGrCHvFKOTl9rUM6DRFonbE3Wgi3kKpGlK3rTLSFgHiMKcdPO0BCwg1wnsvI+zHIrCNmQhkepRUz+6vHjKC2k0nIa36dD87nHPGtzdGAN2lUtVUPIv0YQOIOqfKDZT9XUvtL0d6URND5ch+Zzj8PWDunAGrTfp6Q/AIVP+O8KAFZQOCDYCgAAcDEAnQEqVABUAD4xFIhCoiEhFczuFCADBLYAaaxMCTc8Hp/4G6Bgn3U3+s+5b4F+oDzAP1R6Q/7HeoX9Uf2n9438QPc5+xHsAfrV1in7gewB+vnpg/td8GP7Q/sv8Cv7Ef+b2ANc7/mfaJ/Pvxv/cztOu+Xrh+4PNT568TH1o+sfj7+U3v7/gPAH3l/pf5K/AF+Ifyj+n/kX+ZPqk90BLl6gXr18h/vX5NcwHeT/j39o/L/+0/IH+A8D7wD2A/4p/Sf9D/Y/yO+EP+Y/x/9q/1X+i9qH5h/Zv9V/hf3a/wf2C/x7+Vf4j+y/4f/jf3//+f9z7qvXl+xHsV/qV9+jeWvnZnO1ha2Tr/J+ejMmdTmIlgbCM/lGa0Q9ka9KwBP9ev4Nz+ciiV/xpTZ3dXX/So8XZFb9vFHmsjp9RLiS56INe4Pw3OuCkyctXTg99ekyBrZmElcdcImJ70jTlPjN23dU0J1u8Vqnu9eE9SVmTsRwhNuiGY6kh1IVwiuUBXIhEcWAR9spGi/MREuy4ebWT4YOugAA/v+Pvf9SdnA+nCCS7b0Gick0HZzVjmmHyI+OtlW+Yw79Wpvx0JMph0xKqXKNKPruW/mDgfwddrp063/9jPmXEcG/ldtZR3NqF7Tuor4M5ktgA2UVnbyZrEcKJ00cIeWqonrI5sRpS+HjudzhlDipBx9/bY9g2vlRx/g6In8Q6YUVkIkr1FlGrSYVTWkrsUVeOqDF4aZ+4LxU9eJC+N//xyo3ydYwjcTOgOtr1sUxzdNmW9OVPw4Y8dYSUkTwKjyaY33370e4MDVELKzH3A+W7cREp5E2eTshBnj9CawcfL1Mtd4Xj/j4e/7K7aEyZU64H4cICo3Dl9T2OyQMHFRQvynJAUs0u2bbOeFVE9lKL8lNcthvn/CAp1rm/tBwreb1b7ZBV80+cvjVbu90CnJopkX7/5f+Ti/JaI24ezhM7SIhxXRRsVoIU+oDgqAKg7OC7b959whL69rKpGBkjWiZWbkDa71NZ6vhGZ23KDaQmsYf/4bw1Xlw6P1sWt7ff94Omc8wGjWGHgBYy1BL7aDtv5nsorSvbbGvEUQhDf6J7NrS3roqt9OSbW2aM8mW8j3KiVrOEHtZ6Kmau5ArBYnU6yBQx8Fj2BQfw2kGXAYPKYfPrFclY8u39fauYH1I+BcI8/+sQ3zRJgzyY5AHiHkmhod1+NyM/+05WwZeCPVbj4GlJrkJxC2kB0KGb3Jn9Q3biaVJCXlp6PI1wlFkxS86i3TJ6+WW3OwHsBHg8/1FVWmepBF7mkJ/vJ7oi/wiwWtEyl3Hi9x0dzu+W7HE7CEHtPbjXBAYWbEsLrWFbtcFW96F5JpSSF4fSPR2xXTPdzJH6V0lWs/M6pruIoLvrugX981DGkY6BTGx/u2Xs+Hd7SxduVuBhVCmD80OUB4kp+FDNsDvjO3Qp74jCDXMT6UNExhfjd957AnVwsPl9HNXWQn8ZbAcbWlQO3a3ox6O7//HyVoUbbS0kj4LNPu/NJEe8mfUngKVyxrwEM87INmNpXKFEVGNtvfD1EAMx3lVRoaBhi4tnQx5eXZcHJm1A2HCOXpaZ2+2GHrCC1D684y7CG+kU7nhapv31PtaNV4fOyQpJip/z1h7a1It2YDg44iPl8PywBo82N+F/YhjUiRu8N5bqBaGNrfh1OLK4rx4auA1DBT0ZKXxhRDcoM/r2A9JSm9MJTG4Cmvw1XYSAnM4QR+7MPSJhhnqWzpjRlV4b0KT4wHxr5obMhouTko6FEK972sXC/+Y+LoVtAP+UiFYYsL6N60jw3wD+EWUBrok4kHUjesOTabthPpjix+vKsNIBKR87ubc0XlZ5VLkn1q3EI/jTdSTWWNZ/41XFxXg9/oKX2YBkYni2dzy+hcjpiL3rtzleCQrfT8FeMy57/icqCYlFkHxEeuc30m9Led/EYlWoXY/9lftKmeupQ5RI5iuo+6IO45aZaeG9EfFp7Sqkk6Zd9NwC0wV6S6+5wUHgHR8tV2fseCaCxFACEKkoUPrsk7s8wzYcPdUMemsovkr4HUgdoMz3RtsfZNK4hoEyL+46w2+yv/1h6OSCHox4dtjkwpfzqB7+RI4dJMwajhJbBtequV2z+IVxB9ETSpAkS74awh7WUiNL1L/mv0CU6rAVTTmQA0r8+xrvNeD6S3pjdXpsZRMH3lqpFfDhB/TD0B32OcFCX9hs0ouCcuTA/6HUXWQ716IUNvtCLtYFf5e/r070jhcUpyPE2976X39wpgheMV5nk9OCX9wTKIWHUO7SHCCene3A3neDOEbw/bdfxMNwv+Rs9Uvchzm2PuF6oMm2EV/H7JxdgHf9z1Yl/kssiyS5oaIbiCwgginMi4tVoj9XlARhvy/HwTN/PnZVYH3Gv4QDvRAGDbvbpkexl1NSlqGon7bJv8YlD4fkTQwjCfb2uMNTPww2vioi82w2vS75HbFBExOHgdr+hB6ZItytvH/J+bd/V/hlXpKL1XOieYY3XZhsKQE7XVHTruQR/Jx6VIqR/iam5JPWgjey+lDC8vB6frvp+5zeS8zZCzRVUSWg0AMkRYXad3fyqiAG5MlaIdfaSsK6v8N4vFBmgkGt/bezng6meEe3/57lvSoaqJP2Dr3/othF0p3wgQPtxK14TFHaOg//LHV8NDWlLKRo++IlRPJPVDeZQhIoewjKVioCiVi//OPJl6iaKsmvngQT4ac/5L2RqfCidsXieO3Kl7vQM3eOwAtOCO+z5ny3/koImg68wXarHgxrdXA6uNmAVez97v0D7Eojp0XHoThHcHGsB/9GYZ9eJJR6HmS1ve4n4P8QkxaaOLx893CFr6VL9BfkQ/WCRejKpftWsy/xGiADaJ4n+kXaGLblYUqbnp/b+du1hAEtqL4APHbALyfL/tnIz1BabeRjno+zGP6GA5mO8d12IYUXnJSHjLo3yq0aKQPuYTqaesY9s2O8EMYKfnZJQgYC5KqbMrDWS3bNZgmuX9Teqjw7GDPtID+NEsHGL741ZqOKXJFe9fNSfDtuei5U+P/uG+54+Ro2juw5NieDaYMAvhrROwh8GfMMSXsuiMU9KF2AGNQkz7CaWnr4RpckmdSNG/f8FpTOLDDfHw40YTzhH+WfURV/LPqHtEEKCDk46iehvlE45XaCIngn/yHl8vv/OeDnY24Xl+Zt04oc38+Swr6gWZwds6DqIQ4zTZmddO2mU8DaTuxoOLEx1iDeUsESmej4Nsg/uHqySy3dYnisahr+wtw3ApHuwaCEro/i0LNk/M/4vfpw+Du2rFGosEnMHEt7MLv4CU3bFzfiSGjghZP42jn6+Dpep91kEpEhxx4drjnKJz2veGrvgvFwv01vskVydVqHDXakHMyn2kBG20BcCkMCnP37XUVcr3QvmXEwVd5iIOn/duf+HIf2RDo8uJePmlWTLwKQAzkcRMbZ6L/Fxek1QWQNYjqjzOGnTqQgbyztfal5f9p/2M562VIXFiQialMA+6A+oihGhgij8Zim2eEi+7Nr/HxwOp1ONKEVKYGzi7gqIQw28Y6ik9iSF9guoYB52CBECxTmEmSrS1Olkn3ZqtvcJNJ8+J8heFzkHSo/+Tu/EOcBUlBGi928ovrJKSYOf0gMUT/YrM8JknIdDaZ5x07Dne7Or1Av4fR2ygmSKK0g+KVd/tvoPWO/5/gLBlauAH0AAAAAA==	{"mode": "feature", "value": 1, "feature": "individual-leaderboard-position", "powerup": null, "timeFrame": null}
e20566ce-aa1c-4f93-9214-109677db2399	Pechvogel aller Pechvögel	Verliere die Protokoll-Verlosung fünf mal	data:image/webp;base64,UklGRnAMAABXRUJQVlA4IGQMAACQNgCdASpUAFQAPjEUh0KiIQvGl0IQAYJZADSMgF+S63h1n8luiR1u7x5Inylfqf59+QHud/wHsA+2b3AP0w/yHom/rd7gP1y9QH8Z/q/++/2XtI+pH0CP5Z/n+sA9AD9ZvTN/dL4J/2X/cD2b//ReN3038i/Ofv6eH/Xf93/dYxl8yv9L6F/xH6m/bf6x+0H5ee8veD70f5T1Avw3+Of2T8rf7H+53GFZd/evQC9RPk/+R/vH7r/2/nR+m3939wD+K/yX/MfmL/UviP/D+Df8w/xXsAfxr+Z/5f+0f4D/c/4r6O/1H/Mf3T9wv837Kfxv+rf6D/K/uD/eP//+AP8T/k3+A/sn+T/5P+B//v/l+131ZfsH7C/6W/P+qhAIaIGuZoPcZAkc2qcjMemJtXVKwdKWbn2eM+XgQb97ZGsbOrgWNG9dwjH6SKobVIyrrMinVqk4wiKV50v3QDNw3I0cyq61pwv1rzkh0vqUEVHEVj263GKqHSuwc6ZjJaYY8cfkhc/yMz7wPluG7ImKCRMgo0XWD85vPuOc/3q+lqp5GwJ4N+HSb3LdnHgB99T6B2lqW+ZZ7qaRL+NcunEYAP7/PW7ypr57Kok69gmvS4OvFflNv/uub9kbnvpprq/UiYoyzL/4aW2gmzLNIEfiywETY2j93tPf8HZ6oKL1JFC/vcZOuAa6HLmVigm8ARrUxi6W+hZSEkQSr7OaUgEFUQvvlbJ78BITpZpQTighvdka65//lX9Ehfy+vbB4Z68TujiUJvrc54qnJhrfDUZlBbbqOMCmKtQ0n9wxnBGDN4Vk94cZ/RBy4ApHaQB4c2YHEG5A/+lIWzDSkpowkCntNp+TsdjE7g77pnfpGEm1j4d1JaQQOWIpgi4PVmUwQUgILZbXz9fA/QlLkVS0FFPOYcFJvgTg9LQoAU5ifTZK87Wqm7CbuWAM39lg7/K25okK1UcerMAykycS/H/oz+VRJ0l9lIk7Vj6P1nyfuaPvIAVBjf7aIZSDLURXc4oJlbM7fnFSbRv+Hg/gFzV5CqPuD6FILiMxQbjsm7uKLDRhz4QTjGs8bURgpbbWWyhAwBthPwHnfyG38+YAKPkv/VmGbjP5wtWpSLhbXubKCtf+LIdERORnp2TyAhMEGmBVCz5KgVjv3FwNLdgtuhKmDWxittfC8Vqxv4Y93/VpipiDJDjPODFpxMngh6ZcpJHIAZ4Ef7/NHfKHbRCIZYeujOyD9AFT47LFcHdACJB0iO6V8u82nA/4YR2yd2oJ5EfLXaADdPYNFYcc9BvtgPUWExoHV3GCqhneQzVYEvKjqIkjbz6Um0vhh2J+JgZNFu4ARSawiRC2xDK7IqYQh7Ax652U3f10nNKPKiZAa+p/o2SVTklOof++DQiFmQBXm9NmYl1SF+Sg00/rQrreJPHvcy2e+2aaradqgbPuMey351VlRcGVQ0LxJMYuOqCJqg6eiWnRpHE9pCAj7EWEUSiQRELVuGWP5SNK0Hh23Q6WUpkAmaz7XU2tgmZ38tGPNHMlrMIN8vlUYO93trKoPlXPgMeP2bny9a99eeTYm8r988QYYpsKHDIxTUvWeaj6S32Y1WYkWCIsrRxNe5CgvlXMiMf6FQgZ0esoqMhZ6opUhCl9N6wN72YhY1iNz0o16HYEGN17cGv2DK7kjU86KDnRIRpFa1BtsnDSIUiD4iCVy9P3eG/ONu/1fc7YeTsrS2fO93F/96X8TYuGWkYBBHKK+GaZnwDAhVXgglE5ck4XOjuGDJyB3VzcIzWNLdTYbw325fsp3pq4umqHXugKBS3Wtaibveg4DiX2AMtPy8eDGHKccL+crY9CEAxsHSWeWKovxqsjeFKoSM91fEOVLUSJZqOxaEZ5Hij1e2jUMKV6IlacmZ9WV1++IzsxTCC9Mcv+XVqjq/UTMLJRzVCshpTALwIBiinJ2iwZoTrJejUP3i5L+oUA7i1KjPQ93ezVf6kmMqdNKGssjaMthP+56kuqgKOG0/G4BaIdEVD9LssaEl71vW2oAbr3qW1uiNZY6ebrCEw8kh2QAAC8lPS4D6yIF/VhcF9LGLBxFEaRFOK49mlUf1wQiSst8A89x3rJDA4V6aVdHEWUJIzMQSzYydzyI4OjLYvBBAZ0qXJKxtrDMc5y/PmkjnoyjExTZs5Mu9688orDRn7Y3b6EU7X/pKe151LIr8dIuTUiE5b7rfZ9sAXK0KvONlnzxRPIRFHOGrhDgEnBgojkTa/6DvhgDv1wRriGFtYSurfdQC5K6n3W8+XZZ85R5C/CbxB6vu6kXHQwpXfVChOJoNiJaTMGwg12LMavFzSBgkAaZ+zEVXka6htGtS7RjPPRetqmdf5GowafvMfmuyk+ve0IQAIkt4BkqQ4QnLusAYLFSrqPS6JoTH5OEwYo24OvMiIRze7+VQ/WQlKc0/jT9RAW8VCJ+87A+Os1y+0QwiK/XLvTnbud3vYWH1kiyQvXwI/NsBBxw9P1apxMXOlAJ7v1ti1Cq7a/yXJCwugRsf8OeiRmkwtL6Fwey9JAAB2wRWfxSfYEuIsQYJZ1yYsncPvQtkiO1aH8+v9dEuscJgNxc61AXH7XME/V++8GnKiGnZRiFkHV5VsZzA8904Dj3pHpQxs9gL8jCbZzfKWSs6Vj3WDRQi6wa3JaRFPgYpfd2P8cEfunI5DHVxZoku8vO2OxtLtM+9rJSuDDEh57gNayVFT1mK11/BKDalm187fJx36B3fDyybC57FgtfqU0g8YtGPhTuBT4/oAhdTzw/XeAW05vdDb8cxmpK2qnhiyfhTAHooKSAHOhIDbXCa12YGL9/oJZtZ5jpKbUmlB6m5N7GtifFkinuZgoS5d59p0KHcx7TvWIRgic+22TpempkL4JHgQoBgOR0XzRkbIW8XBrpFwUFbI3EGiS6S4dmv2lUpBcZFc3z2MRwo/jMv099MJ5oIh/7YmDGCy9hBwzfaRZlrwQsiVbJSK7cg77s/dYW9GiY9JfTLqX+0wPfMNIoO3kMh+9lPyWkrc7zsk68+/8jl44rdvOZ360247Lem+7YbNxA8g3bmz4o25LVgLx0xYOK/sU777MVlC5cGdA1J0rZpiqg4FvQY1uU6SCPmnCdHuYI+wI9qbLTIMASYGmdS80ni8wKccKPD1J6uDn9G+iwFN+OAFYBNmGhIViq6BXyukI7sQ5cIyFCPUy0qroCjuE5UOvMK0iqJKsCEdFOTSS0m0jY6fpFaBTmUmtTvtgjtV5qpR9XyxXIKUpzO1h5GOWWWVyLc8fWJFND6KHtYY1FwQaPMUBRjLtDVEodTlxzWs8Ywip2ZSRYbUrx5u9jZP+sbXkUjBT5QHNFp3+4+hFHeh361Om/vDJT9+2oNriP+fPES+HZ2q4Msl+dU0+3yDz8FzI0pz9IqWUmwOXUodKTbZHNK/dpMfDghgq3MHQ7jaGey1Ce2yrYC9/CU5RHV3oLSSWIoVYyy1S0lMLm2XLXQcDI4/ZvPuneRXJy9BPvZqiYsHjOvzHUTUALSpcrLz3ccB7KJfMbkxGDiYjie1Ke8NF0Sx+aNsW4cn2KvNE9WSYihkocyy7NJotgY9YwgswWt5kBQkH/Lz1qEAOqRnjxt0IV6QVOgcGFLTPh4N2SqybRW424KQKgBZI7xyFSetbkjD5CFQn/LVRjhN6y7L+yL8bdRsl+A2Ht3o5eCGW5qlMQjMetfhRryrEImTSS8JbE+5Cqie/dttlObDHnUnA450fodRt93DiVpMihzqRQVr/+duYbcYDxGkeg04zqVtC5AMXOOIpefB/9DFWv6IA+d2ftGo4Qbsp2BlXwsT73wZvU7czK3CPZ//5cg19TdhbYDAvBeufE5h8uz+LjgBkPKUFK+IjMc6hNMB/pVboCOCGAnbW87jb08UUAe4HopWS0JD2p9zpNp2Tlp109jh26R1N2Wloi6OU05eq8MHNrE14UKTNtUgtQQgyTco1PebTRtWFv+/FdvcbZB3lkqC3rLCB/BWdcuWF8F1NFZDVr/UZd9XezKhZfxmA4iVNBmd9ASGp4+8ILsrZFxp3wbw+dq4agUXEURJ/4Ewyeof2CNndnI3BNcrDW9V+mt1Lb4n3vatZbvTKQC4fKIkWcs9wHW3IdqK9C6YBbzrn+rMubYvPYPIaO9xd49Z6K8ieK8Z4h6K6EP6s/cjLeCYozFmn3RZ2Um0cyyv+m4oGo/mYH6LQSUWAOVv9bJ08+taSAAAA	{"mode": "defined", "type": "count", "count": 5, "metric": "f827704c-b785-401e-8d65-1bf43319f11e", "operator": ">=", "timeFrame": null, "validValues": [2]}
851e068d-266b-4676-ba2f-f044e87c5f46	Public Speaker	Halte einen Vortrag	data:image/webp;base64,UklGRqIEAABXRUJQVlA4WAoAAAAQAAAAUwAAUwAAQUxQSB0AAAABD9D/iAgojYAEAnyq+y/MWWkR/Z8AZHcdOfcUWQBWUDggXgQAAJAaAJ0BKlQAVAA+MRaJQqIhIRat3DAgAwSygDyAOIGWgbxj+x/7R+0Zmt39Q7M/8ByfHqJ+2/L0ZYfS/yw/I78ddgO0Z/cfyV4AnkH8v/zP5gcwHbQ8jX8r/03qHf3XziP6/8o/7d7L/yL+2f7L+6fAF/Ff5l/qf69+8f+H75P7M+wN+lxreQ1UF5V59skTNoigl0DIbu3Z6dGUe4abJtPi7XWhNApcj7YScuyxl/lxx41lhm1vBO1a0TV//3z/vXdyJWht0Nk19FH4gTDRoxhHmz7sIXbgGaV8JwAAAP7+3Xj6/3cP0n2RPxlBcOpxfugaK7ZNqYj//9//YA2+eyWavhW9jns8D9VVeEI9ckZ8Mm9TRVWDTPcIP3m40tEhm/86QEW/GzVSG1Xv7e/h+5j+b3pfA89OpPKxpI6Eiadbu3sYRFCEMZdVJYzNGtuuwMW8x1sEH1yejj95PgzIb48NKyiytl+hiJXKjl2Mf43I2nWXnSSKOYYXZRL7u31c3UWDfmhOWcg3uyitkbfwf9k9mnxfZY5qAVaCvsmmdTI9/b/9DxhoXKv6Vt9aAUBexA0pVv5xvqj2Ppp6aTdOHzLWLwoVRnZJrlL9XB9aEZUoLQ30GPv/8mGFpcCtJeW05Z2tpuDW02bqZJFx+KPBvK9VfBcEmFRwuA9i46WRkiePN6+SfCPKWI5SBoC3nWwWoLO9Ck9y9qaqTkLXpUFZyQXOdrrHMF8HYS7ejyo+uN4KonK+zM/HGmg87AaYTF/6ZEX5mSHeO/J0CrdVx/gRpKahA4YVLSxja9YSeDGqqBS/ciXtwVSrxlCiLen/4AJlOnArNDvUszvtEKLKkGaEfZX9/G++/JCYPnPxJv7r8Lbj9P+sPec5atPwp1LDNqNyDFRHX8LcKQEzO7d93mLB9NvJ4QwGH/uS7Y3Fqs1/yIf4FyrSyyyj6OHqr0JoQkVAmaRAMvCw7p1YfnEWM6DqQ7Aa6q+mKJhqCYEDXyv+9K6Lt/1Q6rJAdU9p0TQqD41nLXqKx/dJlVQs47j1Mcxo6vfW/nkB3zADgCKbeCn9I4lEluwKi0EZzY1INX0XyB//024v9D2z+SuvesWxz8K+nHCqQAP/Fo3rDKm3IojRAFsv4hud6KR1NeUJIh3VRj0PsTOLPASpShbRqPKBILOCGruDyvLMNaMD1Pl/OuqQlBLnq4GN8ZBX8IQEn/SyisaWc8FA8w1d/0dcE5b376JJ6fXdQz59OjWCx+0APYyomO7kyMoqovERWg/bp9dt9qy4P/+mNW1P4e3i/EbyTVEvBnmbyl7mQO/4KKnDn45YYelSdsWWQE0eqFpKsgQHIGoLJv7eKloZ5f1G0eG50Xnb7D/k8CxOr/7+/VdZakR5pTOjcxYXJ42WOe1pkFyZhw8PXpoKiIyKN787bt5XGetVh9f3S5bd+0rKL6cDaG3vjYdM3s/BFxEU4mRCWMiuuwq4et8dovXdvlGaNEJwAAAA	{"mode": "defined", "type": "count", "count": 1, "metric": "5d1776f5-976f-4652-85f9-7eef65a4820b", "operator": ">=", "timeFrame": null, "validValues": 1}
b82339b6-27db-4e4c-b95d-befda6aa672a	Levelup!	Erreiche das erste Level	data:image/webp;base64,UklGRpAGAABXRUJQVlA4IIQGAAAwIACdASpUAFQAPjEWiUMiISEU6XVwIAMEtgA8Ufpn48+yLTf5t9y/41/4P8XmFfiv5J/lPzL/yPaA+4D3AP0j/1HUU8wH8z/rn+0/sHsb/sB7lP1d/ID5AP6P/aesA/Y72AP1l9LH9nvgo/bH9vvgN/Xv/tXWjhYMmz+U8Dnwh3hX8o3WLGf+g4ye4x4tgtH/x/3Tza/TXsF/rX1Wf3E9kv9gGhuKTe4XZB7Xc5f1PXcyOr0hBc2oy5QG085YkU7VS5cRSH61oKnFCi8JuygFXnwMwasv3VyW5j2HpjwrFyl1iiTQODBA28awHSsVDaO5Wltwla9SrVniGsWRDOJnGO0Mmx8cLbeFoAD+/z1eXsztoIh7+ZWTeeLpIl3VMdNXr1gacUMvjeKj/P+9e0ObwOoNqgYjo1doDlKYpAfxiY69OU9kQeGmABDF5+83sdqgsw865yqcCkuQXZft30DQR/xiPBLMiAAwE/CjQUOI4tgj/BDnxg1M9NAoAdgk+DNdq23ndDkz/HQtEUxgZDIjHPM4agp/4roj76mkbP+ENo48mL4nwB8NwUO5UMUE/ohs49hhCTGLRnyaVTq8E8IoThso0OpCYWil6mfvzJB3D+rv2gwmfu1ks67QfQfS0EUUap6To9js6NvyaEKJI8ZuWXmJgrNZayTEmQntfmQ1m9i7UZx5z6brAPvKOinqOM6n+xpglrJu8+OCGcSrfv4Nhsa6Bd7Rx4wK3nWkjHNxTZrJZMcgxVNfazb8AgOA8SSFJ+fm7GpggpPZpQyYbcpWV6ZIv/da1GuT/7MI9RKEN/eM2MIwLtIUo5f+5S3NKy/zesqMWrXeu4/Ld5LVX2FLjtyZF8cDMsIdXqbFIV87Hs0bxPMejWROxTgm68L0qsMvREWDmK93LQzpHJWYKQdWti0Phw6+sGMzZjDU8v1xgvw6c2NyR3cdBAcffUEB/2aUJac7v0HaG/uodsWEz2niBiE9yRfToYmfzyUxoB70nmTpn82TYsYREMJRzFg70Cqo8T9kMfU+s3HlAlOOCJcgqf6uJEJEOPosUakN8KO0eZPTLOUtRcFAfl0lvsgiy2kHySmxw04Ik1/5qgF2PjF9R/4+WEPvjhX8jfecRL99X0R7X8GsDjWyYUQIctMv/m195ttzo7SW+0h3w8If6icJLUyNVXK8gm/uW74509amkl6Pfi/4+SuVGpSVv59e1Vh1UL2KyfSr/A6hRDHSMfvJdceMEDWndAqmSP9D54lCzocXgD/YTfyJsMCz03JBBepG6F7ne2gt/zHkjIl8Ir1cdhMEMb8UADHu5/k2I/gc/7Oq2R3WUcFAxg9/Cm7v2mpGSWEm7F5OpKK5vGubew3teqp7iYXf8ZoRHBIjuY/7VGmoUol/NpLDYXu2QhG1TIaIzqEodFL9cRc1TDo+HjR0zm//7b1mqfP+OVbo99/UuOf2px3Z2f/Q/2GibqnNaGwZrYf87N1Z3CiOD5o29sl1JGzf7SOKvb2U+UE7f8CiBO+0UQFSt+arKidCsmbgNQsgra4Mo3y4IQYovTf8MVvmybH8IqH7SFCG+FP757mhr94Nf37w+Tk8C05EAeyyfdAfLuqSwgZL7Y3UKvt2X69fml+28+JpJXpjZS/38UJQSuXGZnxbMuyGLFqoLoLH4mW54V0UBQuJ6yPcvApkOfpKFv9Xsuq17BcXSj+QDZYIo2tpRk7eKrdTFWVsVSAcnFRtIWKk0JJ036tyN+3H9xmZ9hJrRJa/Srim8VEMrffF/V1HrUXug6GvDOsyfn19T3+00eDw8MwBAvUB0loV9ot1e3yzT3CCWG7H6A0QmWjwt1D0efcQnFb++jLJuQgk2k6XV/ozR728FB+4Xnt5DvYA4qLA/FMfssEMh+f+951JM+U/96/vWuVPF29/G/SCC8FgZiEqqZuWPq76qFH6/Kl4prWqCBPoxRbUX2ton72dQSv2r8119/eraVYRhElpKQxQWT2HZhwHcWuJVbgwFbsxDR1maJY5Enqxq0FfYk3Pe1WREMXmn30z4mOuOW6md8mix4LDvr4+mwk9N2fEma3kIzPd3FlOu9Df/SCnknkt9Gh+C21nFZyU6kJL5CuS8Mf20Bq31L4ia3wV/2mjT/CO4W3oKZzojVoJm6L8W7L1RfucjiY1u+AS8RwNi9lGIPrz9mDDNmqxC1m7w0xxuJ2MXJ80iIsCcWTOsIcEa4QAAAAAAAA=	{"mode": "feature", "value": 1, "feature": "level", "powerup": null, "timeFrame": null}
c4473f00-ead4-466d-981b-dc4c3a7e987e	Fehlerfuchs	\N	data:image/webp;base64,UklGRl4LAABXRUJQVlA4WAoAAAAQAAAAUwAAUwAAQUxQSBYBAAABgJpt27Llxt11AK1QoeoCrOCs4ZEBGOCPuHcSA5Dd3b8b53vv58EJETEBCL1OkrdpeLkhIslp2OYbn1Xy9V1DSXxzPcb5Zjt8ZyffaYWBL12ijdtgiyYY/v+MW774jBZnYqL1mMaMFcQEY4i7whTivzaUCAA7EYKaQWAjCJ1kAuGTDUBSDqJaCxCt1aIKxSOX+KU7F8kWg2q7FvdEgBMpclsEgBTpE126dok+UWRTjRsSkKNPExJLcpSAT40e3dGdKloMlU6boWhzNFC5EQROcgk2ED4ycCCANT1ItqtBVQsOdUA20mmFbj91IUyP+lxaUUrSaVZikQyk6NOAS1RJuMTPUp1Ldy5RvMklaA6JQTRXahVxAlZQOCAiCgAAcDAAnQEqVABUAD4xFIhDIiEhFHwGTCADBLEAaehQ/xve/yS9m2tP3Hg+jE9tWQ7/K+xLzAPKx/kvVJ5jv119ab0JegB/bv8r1jfoAeWx+3vwg/uB+2/tO5o7/QOyz+d/j754+BDwb7Hfux7i37ltEfrd9V/J/0l/i34u+YPu8/bPlA+wL8a/k/9a/Lb8puMKpz/gPUC9Yvlf9u/p37g/2v0Lv278YPcn6ff4f1Nfx3/D/039wffT+5eGj3v7AH8e/nv+y/u/7nf6r6VP3H/E/mZ/svaJ+W/1b/Qf2v90v8j9gv8b/mX+O/rP7pf3f///9P7M/Vh+rPsTfqGhDemQKCgIrhUT1op0sNp6povawZTf9/llF/FHf49RI1eUdNn25GhHryEZLJOtuzqVlhoZX2/p9lM2rM0y4/oLUC+cO1uKZQxOtsw/KhhGKZPvJYKMN+w+oyG8xAL/QSNCWcJ7AI9ndFNUg6uWIFYbGg+7mF7haPpuBtTrO0d6ut04jvHFeHJ3Cp75+j4e+V0AAP7/DYYUej7YGXHL95gyBFZs/mbKgoBaFwey64BcHrPcQ+XxSyJUsZaUtMSET74srzpYCZfuTCz54HcbXy/Zr+zrvaSPl851kEdRQNuFKrAqOhuDwTuOBnvTI429Tkg8ng/AH50tu2ghhDEfkR6Wc1HbqrB2s1e4pBKbW30fUQEc8ZZKQI8rvtXqPeco6O8cXHOxdioCBVdop/xwbwj1/Ig6kQt75wlHa1awGAeiLLZWLdA+vlhqG+LtUcpK9wBXL//BZGxkzHvxdY4+aXIinVV9XwEuI6LvtWmqhknvindCZiYf6Z+g9rgaQ1Y9/L/QbQuYmzEOkaIu/o21qP48xIhYTr7oxrgtU9nTbH8jAW81Gfqg/Fn77wCF04Zx2flSE55hjapc6IezMRL950OJgHJItq4lawvLI+vFHQc9M7O5fXcKc7U6Ek71ebMuxG6PWw1yDk/45atqmKrAYsgIM/R+yR4Z/oB1G/D6UY4ptEjHT0Go34v5rRIjA71uBvpxAgXeibbpWYCd77ZwOUmIFSw3r5QgbsFWSZqeokm83pAT69JTGFT5v4dffl8TGZwboJSRxFUUfZcBMTagc189Vp/HbyhbRn1eEazfThCVmABiBUVYEsyxAyYvzecl0kCUj3Msn/pDwbK/NKVQ+VbgqrFVXX6o4FfjI/s/2iqoMul9IndazLDJldzWTYA6XMUF/oASYIzyVyAobNyQ9CaNCKEi2kFWWNsHTI5UmVwafC3idXsv9tgXpfTMUJoFWc5jDJktVXJDWvmtTe+PFl8kInhUaMPw2PnBv53pySUGtSU0jkq+yf3UA5C5/Qdvjl+8nabSZhb8luV36kBKUPae5r/sccrOmc7MU1H9G6WA4ROtDu9KhsNBwo1X4GSzOhYv5d4Hvi45tMRDcdjeeDYvh1Pwd73U+6aiuYATC7Kb5rXt6Wb1kzFUV6TNq8wYsQaueXXaypf0UniWe7P2gqGXDwxiLMmX9GCg/H3oA+xdvPbGRRy+bzIcRiRJE8fiwB0ul75bhu0bolDn+zUEkfo4lPS6SwSQ/SAq7+IoAzQhZw1kzT6ezqo1NUKQ65IRRU3pl/1BKBvnlSDl70Lz2fzqc9oflvdideDDBKvl+4gwyvYaWNmA2Z4ktznCp9WUcV29d0P3Ww8XKnK4PJTqIjQWsqb0SCVnJRpTKHYcu+VZvgjPs2lxWvIPQQ3vMN5iyvMssi+74VAIH6r+VfNfGOBr8iWyxbKHHhZyYHHE29j3WCxzBmIjYq7Mxm5tCuyD5gPlj1p9R38adkOt8s+OFWnwJkbEi9W6TItDWirZX9OyBpCM3hdXiurCzA6P9CnQgXZcQmR8AMTYtwRhTTKa7r4A+DKG+1p2gUwOLI8WGnH9v71+2d4zmH8kB/ZYcMWpA7HgaiM/umQC4ef+I0gSxRpDyvPrNc+8kOBfSBNaMXAVja9L1hY66ixjgHutPbGDrryjknj7LRKXFrjgKQtFH7xTol8c0C10mKB4CpQqs5YHAvVg7Vti2xql0AUaEenCeWDYcg5OpBblXwa/8YprshvOmHIH7NiPvKvI3XpGePSuK0ti5MhjArlF53P31RcCOQ5hktsqIcIaST/HawDNXiCqsDEee+eK9j5hsUsfB2h6xP6DBH+/NXW+LYhlEG3vCe+ZRH7JNY4y54diOIlV3nxlUBuSDAwoYSrR4HMX/hSyk79gjyb//da1Fbtp49D4x+FwnEkjBqykd9uQXQs7bD3VkxZMGlZl//xTQgf/msCsWfPd76r9RDS2qrsmpNKTl1BTBK0hIfJwax1VP4eKemkatzsUbr1c1kSeX/ogoHeIP2qnmsvaVnxUDQqngpq7lQlsqkcpm4QkP7m4QTg/SjVsIr9KpsDqN+phVRi+3Qm7VZ+rfRqoUdk0GYc/ifyB4v+zmJJp4Vdnx48K+Qx1rjkhvsvDZBs8QMyljvKw09otXoSzek8HRlUIb8Gvj9qN7OcFzHLh6Vjf2R1+Ec5l1Ry3KlyufHc8tWztr0kFH0r8c2yd6gxPq5NgeUThx9OHWh+CJhJ/1PZRleHW16l8BGb0eoIkkqXf31yz666S34Qb+iz/6DxdRT1FWAJKFk4pV5PL9991kUSrshbU2h+/Gltq032305XS3PG8wsU1Xg3HnNEiilU26cZNck3Bq+pLT3VojFBnvh1hn5t9v43YznJjz3wgZjOp/8n0I9iCGUYpH+rU1KpdnJNPTHnJrCxTXux8soC+e4n1jlz/u60cyFiR/go0P1DIWxEwRFt5id9hLK2Jcm/fSlufARVOP0s7ld2/jx+Kq0SbPcYwPrs9auZlz/iNl1guw9JtrQPzpjVH/M82/ryaYcdX0Ek8ZO8K/L964PAGy/SYfsJ0UwEgVqOKGQPGSdMFGsxkwyGGSf1VOvYdluQCbbkzEa0mCKl2kdjv2lUHBoKMe4T5mLywYsjmf63Fos9GBt0MHpztlDrZLZ2AyoFnt0y84FG3MhV8eF7uG4e/ZSHHwl0nxCRppcK//Lyhw9VpKiFWPQ2iByVZgepYvleArkO2acOeng5ahLzde8a3fMqbUWxKR2+NhkkvWIArAEjo1DgGFoJ2rsbpYnJt4WXUJV4RY0sgWYNvzc59PBkzsya9T/KTohRrcwUPxYfFcvjeALauk+XWSTAmc9t2k4YgYcDMwn/noSuF+B4IrrFFh3+i/hMYcaR2qiXOllN0DmO2SuQlfFndIsD2O/iUGZbgHU6LA+TLexAwHFtVwgrIa+ctHMoXQOR1mFbbaAgKEYQJ9AOkKGP8eKn7SvgdRFAbRIQDrt+nIK21yLP3NHcjRcTfH2WF3G+c7XUUa09fuXWEGcXGKfXHnXFqZiCemOMz9JJv7uIM27GxfmMM6RPqAXN4xb5maAkCP4xLNzw84+1OtMDHh62Q9X68cXgA0IhgAAA=	{"mode": "manual"}
ccb2f3d2-705b-4eaf-a670-36b3a2f796a6	Immer da	Zehn mal am Gildentreff teilgenommen	data:image/webp;base64,UklGRhQKAABXRUJQVlA4WAoAAAAQAAAAUwAAUwAAQUxQSBYBAAABgCPbdhpJMoTNGXMPL4F5g5TSBpk0khn++3/iiQhHbhs5UmnC7p65qZ6gYIX7x6GSlo6ci4TN/CfK9bMWM97eq40K2Y89T8L4HRtV9Nv32adnohqZLi+IhrFRrZxpaK4J9p9dVDv3fBxwqY1IuYhHLaCfNV4tKQ7Rfof4Co/ononAmS5GLan6oslqSdFEc6mlimZRixENV4sTDVTLJPo6EtR9ce4kzdP/iHMtaR5K/uN3rZSxA1/kLqKqDf6dya7E3Y6uvYM6eXVMj14vSdtN3eLZlbW0ojbB7/QmmN1j14LV/rUdKYvon10FT0cOoJYURTRRLSmqaB61ANF4tSjRYLVI0Ti1YNEYtSyic2qFFZ5ehQqVAlZQOCDYCAAA8CQAnQEqVABUAD4xFIdCoiELxh94EAGCWwAhLhqnsXmgVz/GbzFTHlrdDf8j7jvnN6KfMK/WL/AdR/9m/UX+z/7Ve7N6Rv8T6hP936kH9mfYW/Y702/26+Dr9s/3O9yn+35pX/AO1j/C+CPlE+ASBGbLIj5Ip3bmuS7yzPtfPIZ8FQf9dOtV6Kv7JKnxQXhC0mdE70f7tOrT4tB2krvWaqUQEaXnlZ0CiLMSF6SIeZX41/Qbu8JGdo9g5FhbEa+3mtO2kPGuIudpexf9WxDRHXQX//gyFoXD0gxtPvkiekvACfcWg7GWfReAh3vbzCjl2B+Q0w/C/M12tExFA1hBbU6Zc0BlRUeM+N52WE73bxYonFXurWTtbGzG4Cl7RZDJP/80W+2e25qbgDd3u138gAD+/6vvUf+SgIyWTUosBAk9D4InFqkGbADlsjwa+R2DdaAMixvGdeuCUQU3kAAfqEz4RYAzk0EeBJm2z1TT8nbGL7+Hcv1NC2u0LwrpikrHnfsC0tsdtSOf8+7yaoG8YAiXwxaV4H/6boqevEQVBcbkXXWOGj/J29Wk6RvvoJyY6P43AwzAUiSG6p/kle+k17u8XumEmnINahjEFj/uGkc4hXrx8+ZfPigsiP96Dg4M/hEAKSX6YLmI73C//OwEaajYBfY81Rna+J/RHk9DnFpa8rp4rZ3U8u0C9V/PdFmLrrDNI1Vecb8S0MLumgf2421+WKZT2iNGwTh6bKXvrbCywupAFHNxOUfuLuro+kWhyX49In6gjbAgnhiefO5h+7HpuNwHeI1QF9DJrXf5ymvZM4+2vZSl5knXAqBGwXrWp7wRf/V+A/7OV5f8+LmKijjcfLpRRbUD9ZRnQIHEETwv5iGeH/nzh24w8UhCJzIkS/XBcDxX6U9mpeecjsoUZCzUs+cswqNBW5TtPUH8JIPMyXNspUkVXJ+MsBkVSLvS0BT/Li5thIGs4Fqm5MyaJ8Wcxrq37iDd4GYkErvZNhhx6eD+Nnvg3z/kRshntDolT0X5NTlDiuvPB00oqCdpKWzwqcW0eca2AM/BQ64+mscCyYcAhiCkSYft8QFJ+2evhgIu8i0cZQcgVNJuGc1M8c8eeb8JH/Mw9H9KSGpK3AvcPygyrHCjjDmmVpzvuAy4+aeSxBaIcp20Q65jaAQwJL6EYUfOECkSd7EVM/OgK52Y8317UHIOMvVBuseCv2xlagvtHdZQsCj0On/J49mdcL2uKYs/P4yvwv+QPPLtN0bjZm8fNpmRV8c41vAxm8xtEYI2z6Qyy1hoizua+OCNCezDd79C+0Y3efEcnxtN3OSccU4v02lHFtjGg+sZLfedMMdwuTkP3sy6ahFDPdnkXC8jIamjiNK/KDV0VrodSCslBdctYtkDJTgKLn8IzuaQPdRCdVF8P0uP+ozQgCbP+uITlm0y4JPyJliXigdtl11zZcQNfXIEkRPKA1/ov61iMFmZcIGfzJxaP7UwV3AqUwD9UbbOx4xJ2SQtcVEdFcOQ8HChfrq3j8+Q8LKDVE/ulKGBNZYdWKKzgHXyLWaGkl01tQsAq8ngoN9LVrqzdD4mhI/m5mXpue/+mWemW6qgqda7mXv+Vh5rEzU7F5UzGRZn+FAPHd2tFbz+SK/h0MpDWmLPd/vHNiIdy3bespkJhnVLLKriPLfzPePp2Qw3doGHOdbapkEnw16V6P/jk424sHDJycbc7O0Qt+s0UGboyBqNBFOiwHtYR6khioNbCYFX9hMKREYIIH6KLiZbvvcql6u1ZXPhqXXRcRbn5BlUl35b1rbCIiZ/D+nvznLEGKICWHc3kptpFtMvUSHjWj3Wck4hXelv7S5h3148qAgUdT0fxKbq0303ustTejCPmRqdhn/I6HcWfyRX8zc5fti60yz0rl6QsY8JcRencWOp+agm+KYQomWRhoZg/s5VpMSEkQD34zn4a1Lpk1+t5pN3DOZFnqCTDThREAXOUIaiTytu/E8SiQWAad3N2iQKfBdSOVOK0HcGWdjpLeLDVkrztAQg1io7N9MXTxecor/USkJ9qGkcownoE016GsS59mN1Bq6znv7n2XTsXMNCfeyordCpqwUetLAPtW04Tq/z99XrG+Q5LDsza4ooqEKdxpFBSqBGUStPtJ+eCehtJgKz7RmRLvOf6o+nuKKVViJ/A/vOuH00wcHzcxenpTCpll1fdtX3HkvKLDL3NcX3Jz+RX5Vqm50eJ2e46ySJ8D60XZ3YIsWGE+XMZ2Eu6oVotSMKr2FSBL6mRCerMcGbAg3cNuWWzyr4NE7hr6g4Bay+ksxr32gpxCCwrUYC4dDCgK3A0EVT0XDhebvAwJyBCTA4HooF3nsJsahuWl3yncifXGmzKwNJaQlRXTKizdH9woJcuqCeuUBw8XNAQkNd1Ps7N/XyZ7kHxGiYhLRHqW0mjxPf2HsAnAM24AH5qdj3s+oZ/vEkVFDtX8Cubbd8wkdJhgbiQdY2fGBnisaIBbhUDSxKG1nJaSdR3s6n8fZg2K1K5wWkuVlKYNgLqgz7wfAtVYvI6bKNNjkpciBq/sZuQhen7wDwrdG9i14s5kmwa+sA7K0NDzznYLRoGNV5nauaT2CD3CgZ+i04Zs/2SVHRSskMtKYbUZFO+RG+ZAMHUuOWD8n+ZqbWY79aw1DPB2DmwMGDBLc+xyzoXChnpfkG2iNXJCZhaj9PbKlxa5Qq+wEjoFeWKGndZXCpg2kBYGJilNSo+7xdXU1FvVKkx/ehx8m3E2gH1BuOVt2aXnFGNoH0xrdLZClnQb6hPiS6/bzyQiDC10lOEcW1cbor8o60GZ+9EkF/IyL6484BtyjYP1/rSvLQoMC3aoMCEpobL+aWak/U+HmcrK8orrxCTe8oHOuaSvAAOFn9iWSqKBn8xEDQD1H2sNdIjRdYQEOyS+iJoESjlxFlUYgc1ABa95v9jvKXTZYRU+RJcpsNA/uTILyGkMz4Af6PO9VWf9vS//9egqA8jUVVpQhEWJsn4iN6qIADiAAAAAA=	{"mode": "defined", "type": "count", "count": 10, "metric": "40f2096a-ded4-44de-b51e-b7951a2f7c33", "operator": ">=", "timeFrame": null, "validValues": [1, 2]}
a10faec8-6072-4ffb-b8a4-909fe18191ba	Manchmal da	Fünf mal am Gildentreff teilgenommen	data:image/webp;base64,UklGRkwIAABXRUJQVlA4WAoAAAAQAAAAUwAAUwAAQUxQSKcAAAABcCNJkqP0Fy7OQwvrFGDpR/IEntpoZrvHJyImALrdFvmSZDJrfmwS4ddJVPx55Ddl6NyM4UYdi25NWNxgTclGjLJCFaVHGlPKzwVoWaij7bYArYPWtG8CmOIPFdMcfXFlorf/slDnMcX3OeD3xm+HWC/E730uKOuB8r3eFpK11hS6OtBuNHbQLwfPfZkLfOPg3cdsYV//NkWO3yHP5tMOub4g3/0FugBWUDggfgcAAFAjAJ0BKlQAVAA+MRSHQqIhDAXHVBABglkANHwTIi3uXm72//BfhzlIDPZs3as/O3+39wD9N/8Z1R/MB+yH7Le9f6Mv9R6gH+59JP1K/Ql8t32Of7f/0vSb//+cRfxT6QPJT/I+FvjwB7HzHW3PKbvKDZcppvkD/cP9x7AXSs9FVUEYO5r4oIsnsExBc6HLOseWph+g5Nj5slpAYky7ML3Grlk2muSEf1JCV6sZuW3xrb8Cp8OA1cxrw660sK+JKAeCRGBGOLBVrXkI6u2CmZyfk0i+gaV+OmdSwtdJVfOH00vLgVwiHLOpfriDYxJaScA1PH7k0S+YzntWIIZdk4T/iFSC3/6FTERtteYMFun8HX/OBlH2zkpjhWULwDGhyjTugAD++r71H9IBuOPkV4kaln8/P3RI0i+vjXLOdM0IYWwqQJRgfWixY3KdCuVJwzZ2WoGu9m9Hin8AksdNRxQm1XwKptDXvwoCHhO2TroOA678Zg1+nIsZKSgpvzVPd45DHHBmLYWNeZaed/5QxXTS5fUT/0HbAOZYCLvmCIBPclTODl8rkcP451YyYPUwKmaBkjQXkeuZe7HCAuhD4ycot/bZ+00f3+KGjatX8nhSraLfkcfh0QC0EYB4Im8FgCLLW86Fctw9Ukt1Gtg636YiISu081JM9+4ioaHRTwMvEjtEDbu7xpuaX5A8/ZlGm310bHljKUrsLs2uqlvO9hOrb6b3eYLzuqh9DPsOqVjun+y22UQkeiWmepz8iP0LwnP9R6Dusc5W2aCP7Lu7lCllEgOcIfEfnJSHkoSokP+yNsv59awXlf4v3DtFPsMmtC8TbRxjRbjNcsP/Okzbe54ggOqEI0CUOUvAL/a7PF35FHU7LIO8cMlb9XKI0Vr5Ievdee5MBHh5d1AY3yr6rsdTef3CLh2tMuP3P1MkTPvI5WnHGj88CzN4aJ/Fn33Lfo174MK+dkRUnxhfRjBZ7Qj2CWCTgvLjIf4O8sSDb5/8og0iiWBqztB9hgf9EOMTf13dGFEGlEOxaix64igbw0gnbNC3yxOwu4KeROdj6IJfgchUUfa39WGN+Er65jX6rE3pFl+v21mU+/B/H8T7OWdohPNGuKj0yG3C6lufhfbxKJgQ7YkzsNwFvYjnudToWBnLgOJmh0dJGAbcaRWCALiBO51HwuWa0ay5Y7fGUaH0vuoPxKzGTbZO3OUaapndfeq2A916fkB/KAUNNYaAhdGprlqTKXys88LyU1WYOGpvcfHD6RlCfo6bjapxiE8af+s60oGNoHjX1RNYFkqVkNEcRKL5r4ZTi7j4cZIw8a7OATQr04pwJkJBhzsnD5+QHzkpy1j9RuasWQat5TUzsR6Z/xLJbaav97/MdY+2yBpTFrbPkvAbApoldUEMDa/Q5ryfDo+DcFyLeTlfLGqdlOuBOyyNIfukUa84AYzlbYwPC3O06N5xwXYQzCEUuU7XW1ozZYdn/m0GoS9K29rTKBEdr2XVdKaJVk22ktaD+9cUg1D6EGX5jSNtMTGrAC2Sh57PoHMbEplyOPx8CYOvReFenqPQROjCrZ+Y01pqeI3h675NaFa3q5sGn+imwAHpEnXtHLmUovYHOb0dy+DlEf/pKvzNdaLsFrVmZMEH2ymITxgQ+HFZrDx2q2Df7qasx6nv8bqoiD2ojTj+douzwVbPsxyzdWzas8yVsYCmUAlEC/v9bvWX2T4/UPNNsJtQyZ4olSFaqnGYKzsVDLdP4rQkeBVu3yNVLWJdKMi3cnfPdiwDPX+YrMFCmZIOE2w4VYfQuAEjGpuXYC+MlyPjgK9tsrZ9M8WKEm0EPuAab30xRuH06WL2E2fO6IEcpF1r9vFID1dQbwkOmHZ7yhBJeyYCHq+bcMK9rVU+Een7jHxGuiViCcVAGFeoKepwKa/YDd18b7oktObpAQKxJM7GPMJnU7s8KLww+4eeuTBtaQAzzuZV3lMbBcXCAkzYKUR3IurTUxZgL4OpJQzjxoAQ5cqLvbPzkQRdDTvP1uWXpRaNRP3HQSn5V1/JuUFV5BZ0+dqbA/vfkE1oHmMAxxysnHy3Szryl+SHKkbxEGlY/pp4hcslo3+1nvSaXVGYtLgyYF/iHUEd0LQam10U+IyUBJ2OAwSrHufV9Bh4Z61yp3BddXTXH9Y9erWqCT7jBteTa1gE1Pfvf1PabP4hJWwgrlGhDHTmdZZ/4r37LCj33wZRJdwBNXSsds4o/ppuxI2wYYCjIaE3pme6XCdm+uprgvo6asV/03HXkvm6rDLpc73pLJqc8MhmGO5sAPfeRbKF7q7Z/BTN2fZgobOInbiqz+2GadbAlgdmX2Xtv1eZlqGFULQgscXgL6MAnOAh439uShrbnmqn2FJOP8RxEhLJ3lRqRSsKLTWv9E555uC/4P6eVNlqMuz/8iPqExqlAnSB3GCETMn22Eqk9jHvZwbHLHiK99pOzkhkBZL+TlhqqIAAAD5wupmWFZi6/c0CRHJCJW1pzn4NO2rmKzKXFRVMih95X+LNhbYDO//dofcG/+5v8D8SCSntl0PQ+5QgAAA=	{"mode": "defined", "type": "count", "count": 5, "metric": "40f2096a-ded4-44de-b51e-b7951a2f7c33", "operator": ">=", "timeFrame": null, "validValues": [1, 2]}
dd025a97-baf8-41be-8df2-640d151547fd	Einmal da	Ein mal am Gildentreff teilgenommen	data:image/webp;base64,UklGRh4IAABXRUJQVlA4WAoAAAAQAAAAUwAAUwAAQUxQSKcAAAABcCNJkqP0Fy7OQwvrFGDpR/IEntpoZrvHJyImALrdFvmSZDJrfmwS4ddJVPx55Ddl6NyM4UYdi25NWNxgTclGjLJCFaVHGlPKzwVoWaij7bYArYPWtG8CmOIPFdMcfXFlorf/slDnMcX3OeD3xm+HWC/E730uKOuB8r3eFpK11hS6OtBuNHbQLwfPfZkLfOPg3cdsYV//NkWO3yHP5tMOub4g3/0FugBWUDggUAcAANAjAJ0BKlQAVAA+MRKIQqIhIReNLoQgAwS1AGj4SeQH5H8gPY7rf9//DvBDGD7atAXom/Pvoef5Tq0+YX9mf2w91z0o/5j1DP+N/ZvVk9T39u/YA8tL9u/g8/s//E/dX4Cf2H/+GcW/0ntd/yXhD5fPjcgeq4eZeV8Iv67ne8Pc8n3rf4H1AERGJim1hEvVl8HxtmIWEbMIfhrq/LGShU71WupNHnnur9xT/+MPd9gtRh6Zynf+B/mL3Iy7/8x5EZemxBDRQOELFtW+TeTVOef0/jP/S1fuKxvo1Somt5EVmZEB7EuYcifhYEa7T7yQT2/QUTEdVUlVPRtGSKSx1YHT/LZYq373+L6AHYW37jOBu6BVtW2/qh4/4H20wpdejA73pIE9WAAA/v+g3Zf/x8En/qgTvYPJY1JXnUH2jSTrBGKOJeG5jvl/3cfLHzG1z4E7KmDQSmVdkFIo3CmYLL0otbYnP5VOlu/yTBml1E/lmCZV8116O5+gGRA3gZs9P4xH4/r4EdF7Fj0tttQ814/vPXPfMEHvFayJL3kzTVgsDvNXWBqBI8tYSd94kFqU8Eh2qCdwtuVUhZXv34t5t5WFar54cyb/vhO5hj+TKfBT2XoxCOfYVeV3d5REaXJ8prePnudcl3q7FbHVgLipqb0Akm8WgpWjAMft/+dDyZzh4SbiN7v/XZbLEPu0q4e5rdNvr8AUP+mUspnAdKDO371U7JpHxEnFeMhhVCmCrv/8WxGWmipCDn5ATeL/78ShkrekZrYz65Gcu48h6S193EJ0DtHXLXpPv5xKopZkBRncJXxOcpnkh6sgi/EWM4x7Xzt+pygAsQP6n88ywXmrBC5zLoJ5l95e/7V87w8rRepHlVW4F/LXm+sSBSEl9GeI+dbbnU+X0WlTPwAkLwgsqJrlEJZvuw9vxdQI9pyOyTlqK/k6jB/Cldkgru2Z3+GhQbp1TMQM98dSQOb9GpmZ5meov+u+Q/XS7z/o3AmvXjnpdWnQYp+DHtKnCIUVUHTUaB24CA5vRjbD6VP0lc/BrqCsqVzJgrLFgs+hORpL9nTjNPIhsJ7CSrkjJjfXfDvYSwy12ltiuNE4MBw2t7Jfb5G0BFCtO+7/TpH2VhBCys3oO2gyOL2sxhGInuziSzV7AfwxdI4CTpRI4w7NKPO8g6yAH3/OBR/FwyZbT/YlNu6VqYu3zoT94f3aDnZeO3TmdjrXe3wwCe7F4S6nVJwU+cjeXBfplj90zLEb/SjGnMvE/Fpwb7Mk/ajbd5OmDntSiKUl09QFXxcZSQRmJQB/Kyi4XlkUEtocNXEHilN8BAnb3jdtcgx1UoXd8UY2dCx4Bl9dVlnXrhGfewc+UZcNFBjVFTn1UyGQWeB8wuLG+U+HBFB3UBikP2TOQARe8KbjnshELfC3vylHoemHNd+vuAdtqXZvGvNWhwnoTGOn5fhU4NhBC2HCBbZ0jHGpSlFR/GmdsQcy3Vk4VY9z9podmIQe4PXF5eRp9ei3z5x7qxuzf+37MW4aZsznvQv19aDnXDUOqfQh6zg0Q5LTlXrkCYSaoysqDJk4l33H6bdhJkgc7q8AEpAcFQwUusFPIqlwQ0YlM0Barcs9MwAGGJnwTn7dYtAmcR3tX+GifxrboWvmJOUT8Qer5oq57SkeK3aJ72brypiFVoe3geN3tI2rFwxtIhXEiW+3yenIlYNzJ7MryFRsRXwOK11ykxrzJZ4KA7kbMDAssapEhxzopWR6LWrX21S9vwAecpiRFbke7Y3wp7OCyQuRYG0H07/SgxyxgP2kjjB7cR3glWXu6pAScfrr12NO0+5X5VD/sA12+tLZQklbQpLyaT7cahmUHcmAf5PlYQAlVmAPF75r2FkbruA1FLsm6+j5U8TL9AZA/sPgRN9b6pcTeF4v7OkrajuAGFFPfc/Be8SdEBRRDGghZqR63OsNQ9yTA2QFfUaUi6is75GdkF3vMypeu8yVQnvBqSlxLy2evKHWndmIQ4ncjWH4aBR2e8cfKT/1im8fqlypD2MjSmZAqCGJ9bpCwZ12YbLEiAP/yLYSdYfeseobn43kunTqxgEXdTWbylMeI4Mnz+LP+YXRDYpcZngstuTn17xI6WLmyTZk67DVx5DHWQDTd4vSrGRtjRTWseGXKog4n3mEoTcvrKSVE/BrN1hpV4Hkx2qg2/2RM4k5wZmTC90MBoEAUkOOBYbhPPM8BPBQtMKKbiVjhiEeVsWAjkinNMT+jGUG2CMZ5diDiLvPbqZh6uEnoC3RFyHgiOF7STrm6Vr9FIOMf0HuIYgp2pr7LYxQN2Y779fukqSZdWTq84ilVi/o1Fvoc6uYX9KP0Lb4f5R6GW1SdJDSDiUFJYJ38+o45ZCQxXvYVUtm89rZF8cU6C9TA49pV7x4l3EuMxMAADZ2uVwoPXEqLOhYF2g6XSrTBnYzGG4XhUpiSv7jfuAbl4HiKUgHfcJSq8n625Sl/3EiXPL3yO+euYoAAAAAAA==	{"mode": "defined", "type": "count", "count": 1, "metric": "40f2096a-ded4-44de-b51e-b7951a2f7c33", "operator": ">=", "timeFrame": null, "validValues": [1, 2]}
80f90940-4332-4c48-a43b-b4cc0d1e4d2c	Cold as Ice	Einen Streak Freeze eingesetzt	data:image/webp;base64,UklGRuIKAABXRUJQVlA4INYKAADwJwCdASpUAFQAPjEUh0KiIQw+utIQAYJagDQwEJQazwe+/izlICm9oeQD1G/kj2APGw/UD3FeYD9qv2k92L0Gf4T1AP5r/mesV/bz2APLM9kX+6/7r9rPax/+laX5N/XEjlt51C+yv9J5jd6vAC9cbrbX30CPbD7L3uGop4P817z3/4PgDeifqb8AH6A9Vf+0/aTzZfTP7S/AR/Pf7j6Y3rw/bz2Uf2KUIaiKgief+Ab4nwfR/qtVoRlRas2EM4LmMrGlSrpVuG6PzFBBnumw42pk+s4wTrukvh1sxqAewjDUmkKEiRm6F424UspALpkt2vBtUljIU5HifZCxTGCzynmCCMObN5XEN4hg1koBlW5uj5zrGH2H2pH5WumBxf+Wlckh9qfQJIBi7LYgfzOTmupPm3UZsaYvbjJeAHsgxh/KbBD51OAAAP7/PVmppSTcMRlrccCyWio+qqKpFfBwqvDne1eguFp9WdespxZbqBvGe+cusg6NpfqP3cz4D4qOSl/8ij37Nm/ValNCe7wrRQiDnG/n5GUtmDv456srV6IUfwkCSpyP2vs9PEZ3KkDwHr7cTpit1jYdsXxmqet0MPc/HatUD9yhnajTkYFERvvcvd/fPBNxorhaFdByPKswN/fbOo33P5ZHPfzHLw9b1Xo6zVjPjwmDL2MPxuwSKHKXo9gBN+YIfDZozO6OE5HqtEyce/mm8hHgKpd7qMPOY3K1ruCkN5kQHwzWQebP+cyywAA0kHCcQzUyhq095ix9zqHt+uoce+Vxh1JvlrvP4TKMGNSsIQICdr/YwQMFTHRW8/8UInRK5Ft6c+wHHJE13jDQpccct/lI3Boitev3+eOmyMo4Kb809KF8N4K/yJBKBdTUAAWjQW+tbMRvKp4/Gg2GOUYD7VvOTiOkJE+IpMWohIQmp1JP+rjh/ibk79aZcGAFbWSR+PRa9Z6wTxWFmY++DMFBnTpDg12J1YmdBC7JQedU8IyuTQLERwzJog72pRIppZeHgqFZw/+fDu5GELzANW5bM71wCAFMVAt6h2I6zdpZ05CKzmwN3OMR2oJnD6FN08NB4Sbv20sF6yNmSueFUoMn2Rcdf4of/DU4SDKGvjPtaJFLv7TcltzMF4GRdM2yJT4fU1aj/Ry4Rha4hSrZU4rJAfOTia/xP2MraXGFdY75UuKKPuVJ0AEaWATc4pSGZ4/AFgRgN1poNlky+osqjOn5uVYdF+aeN+x3zhe+dVC/tDOHieuAjx0Johzy0zhtjuELI7fPd7Iws/4PXGw/9mh7BuHKUJyMfMgCpd4sxNP+OGwTOne8ymALWCBYqenhErbtHk7TK6dpSNxhjfw1tcz0tWxDz0QjxTtl4B4EF7vvykd8OLXJE4WBWLpa4FjyXOUX+XckWkg+6LK+dLJd5k4QTNqyDdzXBNCxuci9H24uOZOFcfXx0ePa6nlK4F6n7Ff1yI39CqDDo5cuoWcIct6ETl5p+V2+SFIfBll4H6hGP4dhZZKWJZEa48+FswYeMbkD3vjSJniDGuiGwn1MSj56Um0Mffg3zhFv2GHBX2GekN7H7ujPk5eUUm/rZTQJ3mpEhTjaGbVIhIF/Jfk+LvkUtP+QBdMw/w+9RH+QSbTNHKhBUQ1qT+7Y6du8Ed01DwtMQJZRAATRO6Vddalqf0eXgRqyfVnsggkNbrs21KP1NpMR34yZfFmf7i5Uqa6DwLKlOml3Iud+ZcHIN0d7wdJBZK7DBF3cK0PF9/OLJlli5aeIJCeSCToLR5tnxKBcNlwQSLGBTP0g/0nArvxUAdFYQ3N4wpWHPV4u6Pfy5XXoVhUOFMslpzj8EyPV3F4/Zj5h2DUY60m/lAAEkj0ApRAgiM/nnau+hyg5TunO54ADHC4J+c1fA6gUGhxC/J/H7bGPT2IefCXw5Y/w95TVllCH3NNhSVX527InnZjZrxxaHHBQvShwvxND8JO+Zeek9nDkmAuv/ZeX0OfzW+f+4MYWHR1/ELIPaa/yxzs3BWvJDDnDhpVlwLWBYL1qqSh2tIy8KgqRrX33JyJBzuHk1cMH9erP/CRwprFOVXWRBr1Zsenbo9+CV7Obyfxzy4AvltZ455qN4ZeXnN+1aa7d8sAmGxPONODCiBzKsNFMtvVdlFb7g6SrrV5m6079xrtcT6Me8oZoc3D2qPSDYhWcwSIa4Qas0si5I3/iyvT9iuEG+sGKGvK9G/V97K47xdnJcgIkxqAGdHoeabXSwEwxv1hVDABRpzbC5Tl644IuKbFbwxyeTXXzk1XkRe7jBf4MUdf/HIE/a7BYQ+4GFsGaKAjbHb/W3Oyo4UVMJ+1cfJ48A1WSD+Qekg73t58bY1zd5yDbM4g7Ai5AYooLAhI8LWR0K6AsrqAIs8Icojz4RiMujvyhMq5VFOxc+h3FjxIxjAaDUZ1dXTa4AG8XopyrPdr/87LYbOhzEZJhMJEH9XZGVv6NKUrMV8bGpRxyIBQHQMdh7k/MxkvMM80mP9mYmp6R+vNkVlvRegFWEbx49lIkXCasxvJo3fGudD+qbVKuNBbCmqdLd0CeNK061YWZpVoPXOKd0GAf/myIqfVy0u/jdXsTc4zFcjtwAg+VDP58tgbz8jGGXmUsf1gvAhXuJN1Ak4AlnCQ2fstFBPeOt2wWbq46VYNS98Gif7hNhKfO0pHlRhpeOGM/O7yCbY3kl0KeAvYG7PINFjq70wNdvZZ2x7CvLI5wmLh3dccAydenwWC/8CyUIetpYjI9DijWypczqh9EQqMW7WsDLh9G60+bLZUI5ExVzs4rfnvAI/0QyleDjP17Z79blcMhEBbFJ+OC3K+bFHRAu/bEToQO7v3s5jXHCzfhq8gsdiHM+Qnvy8+DD9YzKHJi+kLDPbcEGfBISyImqL4Z542xc3s6wZM+fgFRwW0rdmrgKp30J/agA9pJJTYbENfV7sUBh4FVTvy97/QJ+cOQSlqninr/vsfjs6vg8Jtu+CPVv3uEf28I4ZHD1G4K+ivK5/cM/okQ4VXB7EovvmwiGr2ypNJSjdrf+NII7+si81W+OQM8s/ILYsW/LxoXKcXZySTQXrk8hKMQ+Pr/s2UIOhUBdN8kBTilZspffmaAJL3+za9Kf9EWkD52+X0HHB4cKCdTXdjio4EHgvCqpI9hBKnudFzAjwKaPx2E6J64quGAvst0o/Wevx6JyHRXuQPHAeVT72CrXnV6g/LmkH8dXT0aeeL2HkzxjdcySS6Olk4tJtO+PvddbMSqn8paMLo0T+YgwhMLvKzB977D2YrfClTjR6dFbBnzwdNJe/N09djH+xWPV0a22CN1Kvk6tcRj0OXONySq9neBwJbIL3m/NATxHR9txim8/bS9RoRv/xU0nYkcLaOpfkcIQ5yxta9r3lrYpTrdBS6xaAdc5Nk8IH/Zd79s9Vi0mKrCUxSkEjod42uM4MdubjRFH+Yl1uRdRL/dBZsS4lmCR0G+zYFGQk53hCbKMHKQAGVGUsfPne+9tfipiKCQwX8/Glmnx8HJ+x7zCI83ziUPaOvx8WG1BVQ9uTvD3oc/c4x/qxtW6X6ccg4epDZheeQC1F7tdbr5ghf4Y8nkgACKcOziKcLWXjj5F4Xh7fzGfwZ4ly0m/jo5+C1bkVjAJpEwQEnVp3x8M283WhscKh3IcmKbehE+Dx/3jwK5zekH2xDvm7gAA+wZt6oAABSUAA==	{"mode": "feature", "value": 1, "feature": "powerup-usage", "powerup": "streak-freeze", "timeFrame": null}
5c2e8115-8749-4f1a-87ab-4ce487be4cde	And another one	Get your first achievement	data:image/webp;base64,UklGRrIIAABXRUJQVlA4IKYIAADQJQCdASpUAFQAPjESiEMiISEXGwYAIAMEtIBpWbd3gf4JfLfth+53uP/0vhsiHfKvtD+J/Mv+w+3vfX8HP5X1AvXf+H/KXgjrH/6r1CPar6h/ruMT6zewB+qv+q9T/9V4N/mnsAfmD/cf3n8ivkD/7P8t+UftT+i/+J/nfgC/l39K/0f98/eb/Af//w6/t37HH6yJjL9PaV2gC/lyD6bwDgyiJSJRhJjK50SHDsfk7pXymk6zf2jLW/Jxj5e3E/FAdzD6EWHbMvYvWYtbzGKbTipThhwmJL0KhTABLNu6FmND313DtKz9eYI00kMqbt0UhH9c1GwhNnT+kdTJ/vuI9a1CYHmxg+e4qBVOSri//JtmJ1/95Di+Z0R4LMiVLaFOBQRAZ3Vmkm9Q1TsIPAcD3/murqXTQAD+/vhpt9YKxbxTgxkum8szrmR53yl0s6etxX9YOAyKJe/cLMyNdBDXa/jtmxRurvauxGqSFIU6QLOijzg4lfhQ54nnf1GlqtkNfE0dK3kdrthUM2hgneGeoqQRwyFVFqdpF5eyVWGs6ASay+PCDNhuxIGdehJpU77LcmXFln2cd1lgT1BOr+Dgrhy59ePQ+IP03PbjqwgNlvrG2YiieBGGybmxqOs4bXADKf/Lk+kkLq1ANjlje+Oo2dEj7sMlZc215sRATXRsku8hrC94O842IoX1uX9iZM+C2v3ryIEEY4PcQooZOG32WkaomCCE9g4ty6sJ6TYWfidjV15tBO3eW0T6CgX0RYHe9fJ+VGT+yfTo4gYeAAy/BCao7tk4fFx28NRqHkvSq7dv+9dR/SvtweR34/tmsruaocb5NkIBmRiamZ7Wy4xEODmUC2D9yIGHg+P4XoXX3thJOpu9Gu8l+hwSIXkCfxG7CxJj3yv62i9jPh8BC2deX8fh+NfXjjUvWrsVD6xxejpuu7Ebc3B99mMl8Pte/m0e3aGppJbPdK41G2atRk8ENmJvevEgYAaX/95X/C/eQGy1bQb9zZByur4II6U98GIzkwmbvNkX5+pDG3jwa2PME5Ww6TlW7uO3M3OcrNqbuhxB8/iOuXpzlq4mKCaPASxlJ61JbMla9j5YqpocNO1qk+qhYX+a2IKQP6KvVhWyaQo4wTPuoMa1FEQQvbms2mBQVWVYtEWFk1x1SKjYxhkd5E+Gy11Oxl9mUymSIcgP0UoxftffiY/IYzCJ2qHmHsJm6aw96dlHXkFLBg3p8caGOyx6MOQ/Xj6DPDJKFJKj+5NT/bnQ8VtZ5A6vA+9PdW1m+rAcaZtK5uJkZCnnsIV4qWhlCeqSbQxljCKzxFz8ia3DGX3YsFQne++pbMXGgj5bGuf6UgAltxxHL5yHyP3bBlNaHnV1Z1UAVhV6dGxwGhoyfkOyZu6zldAHejFZsrKzDotSgQaIPJFz599Uzp3guoYq2qkj9e3G1XJJ9mpsvegcquoyv++JJcjaf9/XZIKvdWUzytxVLUbcre2xoH802y5dtt9e+tX+8O+2WPrnZik3WqX4y+aVE9bxUSRgGTQTvaojsEZWnWeTcP3/1AYy60ar7QaZL9ewv5PEX7zNNpxkhFf1b+SZIcYADX5El11Y7oRv0XMZytB3bItzwL7skSYv3on2Z5sUBxGzIVIMry4aQdF52fzA3NU0RCZQdvDfMZ59/WhX7v/vNDFvlrN/YfLJ9zMG7a95eYs09hfmOWBl+OusJieDXFvZSpE7AQxh/n1oJ4V2Ifo5nK58GkS4xFPQ9ZrF0rrKy/gchMqVPaYUJ7gfzQgnxfPmVxrOG9TfsNGuu9G9rQMANtWGpOrQ9x288+T3e4+rRWwfhGCk7Bi9Qwr5KgdyOabBQlPkrf0Ar+qWVepS7bswzqr3/Bx1+W2/OM/5QHpfe2wycUFH37/p1/NMHeeP1HoJ13VnIuIV5ceUpS0e3fZZNP+34f/BkwtL91bN9bX4jqtsG1uQ/R2/jsx8kNp10U258PTVcXGW8aRjf2Q2xY2MBBgkqEzdmQ4i5Xo9hfNdUkup0uDVEjYJd36uS4IRR9rVwDmycknk4aQh4UsvdT7hlV83056EOSaZQY6DoKC/ANeNf/lQiJ5VemsH6xhcaA8aV/Fo3fgu3N1ZamhnsVu5bZ+wsY0y/jq9Vut+YpaH/Qa7iLrZ0Sf4M4DRunXHJEnf+U9pSrSYzVrwg4995/rpMlGgVmcB7jNxvS/a33PfwhknayVI5mvPG52mZspOejCLrFLsZl18NNUtVcJEMFKKKvCiybEU6mjTEAr7GWPBYNwH/0lO0/Q/JAdXM5RnJ4+bZVpVGr0+z1x+yh8TJv/w1gJFq2LLiYpc9SZTIvNQ/ldnEcQGBN+/7G0DNnBg+42nVW88uU51RScBCWJRU6inaxBASHXV3kFDehc0DrNavaUhmnUFLHRngyUagOV74F7wNA8W5AccsK5IZWEqG2B5SlyRGsK1IfpXLLQBWQqeK3jl87nZzgh3mkdt8ZjhN7TPE+jKLiM1uJ/xaavJXXnqqD6SG+hS3GEkiFPkuh0j7Y6FHaXm0jHcZWbdCVyfoBM05sydfX6N+sKTmSQdigWgWHh9/QVp4uGFVDtvwtHq+UQGT2P/U6EIWcPffq2m1wS9zQVnxzCerYTeFEq+jYOYhlg4BDtgCdOE78h4htf3uJFUhs/TjCyvDwkFibaCaBj0cpOZ1Hf8YZ18U2ItZjgDq+wm/WG2viD0XeT4qW6tgDEep/O56Z03ZGzUVUlTLtKsDqKnBrGLclGI/hj3cfblZLjGVFZkH3FvG/UXUrPvky0nVEOAO4apPQnA/MMUBLiozUTQKx8kWiA11Exuy6yMhp7aDlaBi8AL1/xID9tPeIpeRdn1nZrmkUkwdWbOCj1gBi/qnnmnXVaAbm3v9Mvg0FYuseQeZYgtmvBr/ab0VcDttoNEYmI/w3ZMP8CnPe3GR1p1CyAD1DaAAAA=	{"mode": "feature", "value": 1, "feature": "achievements-count", "powerup": null, "timeFrame": null}
c38e5d6f-fd9a-4470-9a0d-c3a3a622e957	Achievement Hunter	Get 20 achievements	data:image/webp;base64,UklGRrgHAABXRUJQVlA4IKwHAACwJwCdASpUAFQAPjEUiEKiISEZWw0QIAMEswBndPegB/jvxg9lmnv1r+Z42Pz64wP9V7APzR7AHOA8wH7K/t371/oP/tP+I9gj/Ef6rrDvQA8t39sfhQ/d79wPanzVXrr/r3Qg91/XjJvfgPJX+geAO8H/k3+P/KXhagAfjf8z/0XgIfxnoB9avM7/0fpR/EP1E8n359/gPUs/t3/C9kX9Y/033K+yz8f/sX/a/x/wCfx7+e/8X+8fkl8oHsF/Wv2KP1aUFb7ueleksROv39p7YTm88/SKo8OuYuVD1Nui0CjGL6ST3Vh5VRBvPkCad2ZAIMF3Qxyuv50iQOWRearwoi/a/gNhpRqyOk43q7hgn/pujbsx3shK9ngy2yKDjsknkUg9P8/YX78RhDWtJEx1ZE84lFyW/S8DNeE/Lbrdw2/4tB3HAAD+/w1mZ9P5vpBOxkcMpOhl9n+Zvb7PQoGt9GUhLtpWv3Elnu95KG/i4NJLyKh9MXlyrzTtD01eLhHoFNYSIoqGKA4fWAaMjcQqN85ASMCQfxn43iePIf1deMCCvv7j4lrB7ov1jx5hvT72/1UlvAiEA8IqFN52fUeyvjDn8k1IuvdGk7dePMy8nJr386PxNGxV6vhqw/GQMIu/VqQhe2jzIBK7JEc+RAvj7B4rSmF0CVotoACIlm3CrbH0j2jZtmWw8HEz5WDIrFlMQkMRHz47PFXog7j5zaUFTf5aGjeTQmyO7JpYsCdOy6X2skzgQDNfGK6NxGhM5Ms9dKyAsyT2lkUzCRy94syeT6fU3fcv4c9OUTzsuS0PAuvxXCq4sxIomMoiWFw2kYHmSCzDdk0pSai56q9UEZCcU3Z3cFYf7FT2dJxFQ2PAbT0ymFtU/JIyD3bcLNBtCvmqPyNCkf5suFP5Cm3sIfFv9ZtekElCnPj3U2nr1VTS9vhvlBlXrvTxZ8BsTpMSW5RRX+dZUI95mxZ6Q1fg8MTfknXBWbWRyeDGLpD3gVoYo9D9zOOytkVUbLc7F6EI+8Uf+9qI2/eX7uJ4NRcHpl23uGoiky8c9+uY4sMnuW9jRMNYcjn5HV26HBxMcw4qlqgXgicB+2bI56pA+Jl3lvEyLjzgBIp01yFzIte9lbJPpAJoYmkEBouhZOl9TjvDwnsYzrdTlgnt0IHIvbjDtMMS4gM9yyNqCLUhUQyKDsIZycASFgRWGL/tHjpwfEx4jsc7reyfxiB0N+NEJDrnl1x2gnu5OTg1nGHgMOlTlOWdvOzHXwA+VGF83PucGu5JNlLIgR4VZ92Xt4t+J19xMgQjQ6dFlFgzLCBHWqiT+T5guj9yymIoRxWxKz1DNLS2ZW62aHBNZ8Cnb1+/b5BgojiOld/UJRB8G1Z779xDSkgPMaa3WzRv7KFxBuhturh2wQ4Dt5BYZONOPyVfaf9s0BMUbsryhykzSfpmP0bjwxsUsbwFQTweWTwHB3FxiauQyr45il33sSQ1/JchG5Uj/9HsPLstIvSFI4T31sOiQ5MEsEHmWLuy3CgIZubbtyA0Yov5rh4dDJN7dmdpBANh83zToMsxEzpg6JfOLMSOgFaTa86u0RjC04jzaD/BrtDrsVRYRM3uLb/AMC6ThZ2SYjEbX/OyHmJKPtdNjCqEWRTDLXrtMKieY5qZ6YSC6AAKGK3hzHH+nctfle9skHRS/m0MrjTH86bAfS66RrIyg0FId1TwVQxfCWgMZpGwCpqXaAyrcR1GLeAG+aUJHkkUtOv5Fpion8WLG7rOycgiQn4R1V44ehkRUh9tJzk55PzqYP/PyM9KOxdEM/zceTk6jek10H7sfxrbznzq7iqyqSxaka1Qr5wOzNPgqZOSr0OUlZQQiLnZtHMyBjOLaNrcYG890lETGltStR+Od+qJiD4AAqmr6xfdXiCuNyo9XAVYspu17qdM805c1Ido5ZfJXnR/cxBLhdVJcBuOy+QzwOwuAKCmK1EeHN//ENH8W08YMRqIAUxx9u/zE8e7QLjm+okpqdA5i1CqHu9xyH3q1fVOrbkBWbapc71Tfa+Y8GG4Z54fqnDnTnH/kkJnFH0ZRqhcBLjtFKDszRl/dbeocbGZ9+4B3IYUB+Qgm9f6pJETxYJGdQUWkmvGxl22He10SntjC1ksBx7fDXWiWymPiNwRxk1kcNQi4utaBhhe3aqXREjsEXv2LuHKrUm/zYbn9vaZmdKCwRMFn+09BbIz7TEt7KWyIxlgnEYRIMtpO8arvGUQjinGavVuXpevkc79msUa9KA+8nn7k/wv84hpzHd1Ka06rQY2R6W9tfjWoS+ld+8kWudIiHV1gK7wM78Q50kv7YvbEnk8mFznUZNbEgT+Gx8P0yMFbIqOy+O/LUAN5RxYgbo4I/D7Lj5658tQsL+FPlJISiFMIOMyH2j8eTU08cFAIYckx4yKWt7nSUZ49Xaoh6165Ymah05eL756k1ai5Y1Ka77+swFA1piid2komo2QDryY1oGZ0NC5kcn/hcvBK1LvRnb8jMUS15bzgNF5RT2VvdjYiJMKTzsM82qDeuvghDHjHV/j64fNHDub4NuMXwDPd8F6Vwpl+5WZeTIec/LhHA1KoaE0pq4DfEjk6dM9lChQAACpy2AAAA==	{"mode": "feature", "value": 20, "feature": "achievements-count", "powerup": null, "timeFrame": null}
5c420c1e-50d3-46bf-8ff0-28d2f790470a	A Team of Tryhards	Die erste Position auf dem Team-Leaderboard erreicht	data:image/webp;base64,UklGRogIAABXRUJQVlA4WAoAAAAQAAAAUwAAUwAAQUxQSDgBAAABkGPb2rInN+7uVru7ZyyeASR1BpFKW5cZpHIcSofK3Sv4L/a93/s8z4tWETEB+O96ycKS2BF5X9tN8qoUSHJW0wRJQnr+BzJLSzp/uijFyC86PjNS6FUUqYGOH2VohSIJl4caHrgkBCrp3vhDMUneTPFST/daf5Qsi5NXy9je1kV+/Nkzet7xRXkgi4KePikQ/uQlmUYfRzHFBwPooc3OR4eheAxirLMwXInDQMZgMMOU5sCgRpyH5cbP8DYkn+AYDri3haEXsbdI1tmpInkIr3wFDNkYB14SohagUd9tFRXqUlXgoTYoDRN05arBLU1QnKYHug+UFCpb1pGE8GxBvYIEDMrBpBh+H+aChF/QhhUsiJSbgQjsJgUJAulBgmlv1bbgC9b/MlHw/7Yuz7b6BuC5d8DSf8FWUDggKgcAAFAqAJ0BKlQAVAA+MRaJQyIhIROaBiQgAwSxAGr0Pz4jzfKo/WvuT+PnwA7+I0PWv96+173k/zP8gPkB9qvuDfpb/beoB5gP1d/ar3af71+xnuM9AD9hesm/aX2Cf2Z9Lr9pPgv/a79qvZ9zS/+c9oP9v/IXq7fAPsP/Kf9p/WtEl9Wfr35Eftv/qucHab/tf5M/lvxhPHP45/k/yu8WD8Zuc7/LP8/+YHu74QHyn/Af4D3AP4h/SP87/aPyZ+Fj+9/rX5Aey/8o/s//L/vfwC/xb+X/5r+5f4f/sf3b///UB6w/209i79dTRIN9brGaggJHrMzK1qVMNo2tkJla0uNwYvrTqF/RLF5DH+ucVr+nHae+S8uP/psV+KYfcIDkFaFISAaRdnWElQQzo/9P+TCvtcljf82Q/DNWK7K+xSRxdCdZPC/AQqtn/PXKIwxdhphCcgZqSbn/i4gAAP7/k4XP/xyK6A6JNlTWOMKXdaW2oz6WXoJSU98NjUm75l5LdB+RSABFgDq/5qjdJkUSVwnTU3Hwg9g/kmkbg9xF3wdu7zmn95igDg3nNcwBJ+ZSyJVUAwu+asPaT/BOiH6f8bqJnIIFMQMRhw/5XGXJd3mbIkUMUzstdonj7wlvqA4ozm/ab9apCchq0sPNA1OwLe0k0m5DxQY9uja2cY+WSKXOKhOxSKYxK5GxnoDGBaqHfyPnnuiH+oZZlVHviJyWuYlMNkKlBvJFe2D+eeAuBXW1SvwZ6y9w5QV+jPVrD5hiHDHzk52nD357oQlXIW43IRaKOb3kz6IbF7/pr5jfzhCcuMTI4ozw1Es2jnXUktLbJ62/xzoOx7VT2OZWpkEw3knE7CSYp5x0+Gl0f1D3fbpwpB7w2hR8s9Y96bWAKEPxuH85ZYh5gyBsKgfUv/9eDUN51RqTdQPpiyodUSqsTzQT4skyO8qEFD85tbKxESSzLxpYFNUUUyHL6Pri947DSueTMzHVV4CM94JphafrtomSOv31zMJH/JTK/fAKNPd/qDPyJE8ORlyQIghDnWtwxDDZxaTSpvo2jh121fZ/lve/iDIj4gbyqNaMnDGd/TKjJMg2hrhKQBfOHuVCG5RYUlKabnYqIg4mYs7IKXnL6F2Cw+lYXn0t9v9/SOr4tKtTqL+clSTMVoMSyO1vclDL4wGlkqafeY9PqNuQTAFezisTU3Cl5eXyKFKSIRcA3cyg/LMeh6ScbmGcuLAa3XHsY5fRv/YQzmrR8R2Cf+Ah6MS5dnAD9eVehGlVBiy9PNZrrpSi9W9lYD/nXYdNnkC8GrmB6YBZGAQrnzvjloUI+/xTu1zsFxLe/9HfGl8HJn+i+ZVejN0ypyYD/EeuxMWql+biSEbBD6nE68jp1CahAkqNA9+vd/k1gbRupjfJ7u3FUjkW03wUBBD/f+/BIj+fvIFUhqvMsC6dRYqMLRWPNDwC4Jy5PzdAgXhfrde5XDjjjAhFR5QWWVNZ+tu6eosikVMHfIDQWc5PuB10yCBDg+lU9/3PhOYZajm4vegloEOijWEbBzydRq9/Pnpg0saFWz5//x1c1rnOdj1WhCTWTjASHuS4GK90vR8g+v8cu+uUkCpHo8WEHD3PISRN5EI7xdpaPRKCYouwIgBrdc7cWFq6relAEi5eyvgD0hf/wEBMi/zHaXwkXvNbj5uystjH2uQujfds0Bl1kvyJKq9hHq7JH8k+u6UQuO0ywRNp/w1F59ORUy+NBVXFaawpZmK35GwQa8v8n4wu+6zN+Tr2/BcZ7e625WSSabE20VK4sMksRfzETuLgxbwOTBIeGEMAQXzZnvQkt/7eCJPbUUDgIkeH06ZBg1p+YEgh3uSGt6E/RXIrLL7BYrp2jYezeLugKJ5Bwe3ST7tVxM/Tk+kbO+/9DsxVKCrFOOjznHuFt+e+liwlFLDgGHsg1x9dJPtUGqLlE0/pMwsNg2AD+vzfyTUj4unFq3Vhps0sTfp5hf4SldigWT/sczcm3/TUPzso1wQfLK3ANeSpwf156FqVoTz9qt4W6PuR0SOZ4XXPWtd6nVnDpcgqr9dXWQzTV9tqBxMmh2Mf9cGBY6LBtxtwN1pztTMWsTyGOt2glG9fuiHEvvsoQd4lKKcspKiyAdhlsRO0WVBJxctnqZcoEilGyknpctzUOoLrzKHbOLZXDAzEHYDXvxNvnl12Pqb7mrxOsvWA8/juDw21xKDVsT1Z/4McjvciiIY87BQTUpcIbWfvBjOIHQ8ULe+6IeNLWtTfrOoQXqJ8Ab6Ey6T66VHoojElYIM/0560Fb6XODaDsy4bIKxCD4GJ0eLfwMTo8XOUOVnrIQm9XaKRwvL1j7g0afesflE48L0aMicbP+/kdFEa5WC/iELo7r7+oLEN0sdXfDiM3vTkg4Kcl8HjEXktYISClJeRV9v4PbDS7b48YunvqMT6pqyH0AAAAAA=	{"mode": "feature", "value": 1, "feature": "team-leaderboard-position", "powerup": null, "timeFrame": null}
55baa22c-f551-47de-a5be-6c1e626256eb	Thomas Gottschalk	Moderiere fünf mal den Gildentreff	data:image/webp;base64,UklGRiIMAABXRUJQVlA4IBYMAADQMQCdASpUAFQAPjESh0KiIQw9r2gQAYJQBfPZCf++c/ID8gPlPr3+Y/D3sA6i4zfb/nU/0nre8w/no+Z39s/1y91r0kbz96EvTA/upYof13wZ8eHqz229dDH/1ofz3oH/KvvN+b/L7k9+C39p6hH4//Vf87v9IA/zT+29/dqZeEfYA/lv9e/5Xq7/wfEe8f9gb87f9T+++xt/3+X36h/9HuEfzn+3f8r10PX7+4fspfsyqzX4gt8v7J+m/ytWKAlSEPNt8Dhr/biQ6xIm6z8GIPWx7En24TqjtOUkcRtEHSD4Fla1xZkcH7cN8AUFjuXrgppbo96DETuZSmJqfWLvyyTrvieYL4CgOyNJ4Cz/JiKysvuEIAj/Amuj7g7DJw4G0Er36HG42Wv9DZv0kuGRPMLVdIIhJobk73jEUFBfTm0/1JzxTq7B5Eh7isW7+KAe8/l8Qnpf3N3JeSA0EkTzl2PLWiZOcKSVn7+CsQcX3bpajuAu0FfGJJt8RtK9BspOG7YNoYzXpi31lj4LZTtvn5P4xXq2gAD+/W0f+Mjny+4QnKP9kaSlGr8mbi9VKHpUtpb5g5b/95O2THKe/Aj3K+ZGlR5LB//O2uve9nymUd7Tp/OVEIbzDf91eHEmIxzbe8dzjX5fE1NOj6UQAXREixi13dS7m7t9q+aeNu14Rticnxkc+tlBuqDFfk6VM1dTtvoO5DesR2ZVIW4oXLyT1zKC9SWfzgwXgQDP9k7rmgvGKPweVt+5oLV8u/JpB5gAwpz0Gwj4jcuy5ncst/4kcIHsCMUN/AzyYmCDJvPXQz1LjgVzv6bKPJcrZtOVrvoar+SuHHbzn6WXUoF97f0EmNN50j/8jgeQPIN0cuPhCY5xWQFfeHqpC3ht+Q2vmDI7Jfn6abYCQed2/wP2USJ/qA7kISmLFoMWkNcdZTccDgq7qYSp4+04vEUFDW4s1E5nNbc6ZFhpvHDUS9NwX8Nl78LtafeMqnclrDjPsr91eK9ZoLqX/RCLAzsgl4eow6jZlGc/mnTb3EJ1E/DpfizepOSsb89sCe2Gs2hZjxXpREpnd1743ZpGIdhO8aO0AunGYDvDAax8Ac1JWYk4inndmW2aSrMWClI+AzHZ1ZucM4lO8RXi7nBAGSzXk45ZqVfY4uNpZLHflg7BGXkiHTBGGRYPrpy8aJ08fwaYm5G/iV7Vi0CDY9yfhBP59pbyJ7xqXs9GZouhr6VGqarDbNeigRcdSMfqo/XPfVVyocVaOkaaIrwF9qy25PQD77/NZI12QNimJ1+G/AJZBRkMUN7ODQJOr/qnV5Cu0O8e9Xw72WU5dsBx0e50mIDP+f+SLQfiZ7bnYMwpqF4mcJ5YTTfVgMVTyYFSfhdNer4vQngJzbuVkR2HTE+Mvzk399NFNCUc3rzbWSmOw2rAshBlCQm9+cdG90u1Zm+9WyKEH9TZUsSQ/rA5HRXh594xKpNGtVaFXP03e/OlA7DMgHTo6aVij7uV7E8ec7c9YqfjuzreFzF8LltQ8eOWXCyQTRSOP/Q4sv263Ds3zJUb9Z6Gc+AOtrDYnhnJ4Wi0ThzsXo59AZ4nOTh7INDSu9Xf82UZQyp4EP2Jf/Y2QQbfDB3HlZHh/m4Nj6ewAKeC1z3WvfZ6T/i1jmFPWhWXF86OLFO6alktZTs2icL0qVoXtFZoOUVbdGNGWISXW16FaF7r8lel86+GhCxlkDu3yo5P+MnI4T3rdRiU97H/X/n4iw1oRSk+vuUL9U9xCz770Gb9wzzSCElr9GGinON+un4YG9e/E96FdTAawGvxfaaJZCt434i8qnEmgKYCCVtJ7ARAfHv+cFqOk4vpBfVKQeT2enqyOCbdNSyeXdk8cOo7pLepigizH4Da2V/zC1WT2MsWSPcQU9IPgEv/ZPJPZvc4w0eQBx86jJ1DMK54LqiHj2sQxw0gyrMt3EDd1guK5QEr9GN19RjceY2FTfRPF57itrqxIlr3XXBYYFrzsE+h3P9kAZg44Rf+y6oyhaK5YbElmf/YPJgoMuIFMM/8pX/sL+QtsLK21etqiE8LHWm0vAF59y2q9Fa9w52deHL8RvOTCgg/Nynzoap/Jlx6x7ufOhOQmaTMro5foBXgWMN9wDA35zD0K6qU3ZTT/FJncG/1BVD6erWcpLhraptqAWNFI+yl0bu2VBOnqfBH+c3vHIBqk87aOWd9+hgW0eDnqRvA8zdMiVAHAMBs3lQ0IfZu+TWajkE3KTzoT6aB29NL7w+rlQYAA2L0SMI7PAsHz3gmMKsvd6HPEm+/99hY6OPpPJ88L2gIpjB2McQIqT0C5EjD1Tci5b/UpFyvrekWgjb6FHgKrsdv3cUE1/WQ7zcXwTS1FQfnJ58tucxLNVDtR1ITHV/hu6lbU2t7NuGaFXYfpg0fqydYQA4YF3JVzqpxdjx+Exm3nrgt8sOfNYNgIDLmj5c2q8+61nfyDIzfOdCrEIgD4QAYJAllvObxno+MA4ezEBHnis/VyCDMFxcXISw3sATeP89Vx0hNZVAp1g9wydA66mwou+d/9JVtAzNeP3Ap09OkNVk8viE3nHhxPJSRln9kTc2VlLn04BZ+5GS9uZH7sKEGIXVARkhSg5+0eYu2E/Fo5t5/SujxFgJF9IqVHF/1cE15BJKHa9QZT9SOKeotUlwqvFCohgu6ozNuyRXoPx1l4kw8wmd+Hmi+FMWB78qr+TNkNQaDDObnO7msUKSj+b1JUvMk5y2m/cSevQZkXfgj+S01+WPSO05515fZgFh9SjCuB6W1pYokEcp2EEweslNFM9kaPqWVeK8PoD5dAip3Xlk1gOXKCDHsekvvp5oPznbq08xGeJ0NQl+fbpeDIKOxGLZpumDKtsRGYfFiJcjqahWzHEB5yyIdHHT1JftOFly3jNS3ciKlGutqDSlug3OAU9VE6b2ELeFPhvq7bHd0UdbAMTKFxaRerd1PUQFRt53EFHOx+/xILo6Hvd8H5CPPnwUypirf5u0yYFSVJ/p9/LrNq43yW8Yda3ODKVFaLXdam3uai+/teyEEnnlK+ojhsUzBngI5y8QAY1Ro0KaXRTYoKxTdbYkLe7vgY4UJ3/xYske970dEIQqqsuGtZzA4bhpVMapvloWenLKOzNi4/qwv3pfMWg6Rc7OITO64FTS8FbrVmG9iUsrP8QBinYQfpzQP//AqHP5dA3x+vSzgZQnMLmxKW7iCyElwJqFtMkwPf8wn54lSpdGYXEnOZ0TkqnMrHT8cQhkN9SK1gmBOWtUnzVLXoP95iFrxnVE+BmtUIEhY2JwiQvf7Oy9nWT9//BryyssNHaSK0NvNGUxxNj7DLI5by5B23Z3arFIocRIJU74ogneu0zrL455lzvhr+aLMzh1OpiQKNFV2K9d9IZubIipx9Ue92hFb9pyZqF232/I8hfimKnxHny9pToLVB9zcAW2ILQjPe5r535vzcPXx8YYNfjNr5yLIJ70lzvw87T3M5rE/v/+VY0/L12Wy37d796R7dCcvKAMscqjFq4gKBLTdQvCrlFmlwkgZzyHnlQp67Uyu/J7uhsBLBdxt41y3ClsA/lwkxJqyT8ZwmdsCPxs7qC7rF2KukgGBArnEQ4jVPYAtElEsrqCnKFrt9NzqJKR78NduAzWyNiUtxfspvj0TSVcjF+Qucw4H+p/jniKY7lmFQO15RaTyUtBwxKuBZqClG9pDz6jk7BG4Y1Yz4iKPWKb+FBiTMGzjMAFuwg7wav1S4kwJJn9bQqWGcxDxvT/oIM2ov93jGHB0Fd3CyvpgXm8rdOoAP5Zh763dlX1IBN9wk64PjWfpIfZyK9Rr9zjImIal4YmjlHX1uo9NzadgSALjfwtsuAcUcTlLAjZmomcz7AvgceZ1F1pu60G7Y0H5FgemXwkgIfqCvYfnN1A50aZzXBRlp6zXR9JVaV+ri3ov9KtGJ0OlX2EowAeMAmOGzseE3ULKd/yYl/YEv91oN0q/kbr3BKmf/0W52cnzB9DcBmWOhwPoAOVhDzikCuOu9P4NflGMKkP5Ozx0qz5//KQ/ujain/5t0G89Qs/hseG94AYC9KHlwbu5ZBgNxWiwxzaeDicdOvAdNfmbzDqXObxp+k1QbbP/hOnuWAAA	{"mode": "defined", "type": "count", "count": 5, "metric": "c1e83405-7b21-4832-af71-27ed9717af9a", "operator": ">=", "timeFrame": null, "validValues": [1, 2, 3]}
41138a7f-b60f-4dba-b887-206a0f5db2e9	Berufsalkoholiker	2 mal am Stammtisch teilgenommen	data:image/webp;base64,UklGRrgOAABXRUJQVlA4IKwOAABwNQCdASpUAFQAPjEUh0KiIQrnE0wQAYJQBUk5Ch8kgWF/Y7asX2x16t/0X6JHTy8yv8y/0/rIeiHeSPQP8Kr4af7//1P279q67qvsPgT4ZPV/t36y/9B3d+m/MP+Yfc79L/cv2+9mv9v4H/CjUC/Jf5r/gvzH91fst282sf5T/heoR6+/Uv9p/gP3b/uXqH6n3V96If+l/ND4c77XyX2Av5l/Y/9l/e/yu+R7/b/0H5Ze4D6U/6X+f/ID7B/5b/Uf9P/c/8j/7P81///rB9fn7Yexp+qiRfWbLSABPiPkKZmeBlX4cmVMU1WTLHb/WpfSU7qP0gJrT6qIE+0N0ehOyysYtDwDAVFQICNXj/tiUJGwaLuREAB/r6JLu/+I7Bbm92IBx8D89cjwZMdaEpckfCWfgdoAanPYbK3jBIQVSDLY6dgdPnH6VYAGvtZPtgIJy7Uw6BPYSMGVuYokl8zRwfv8H7ECSiFZUOa2fVwYQ06jYV3jvlHbKSyw0GRgau2ukd4uHsiJ/wHKp7MeMC+4oqSj2ZabwTtB4vQYF/EWgMD8mu5GMa5hNFVn6jQQnE9kChwAAP796hXMJK5/Tfccx+q+0ff0mffi5ADnvbvA12ZB3CLYbKhYA+hvH1XtGiWRnffx69OWBSVMcT4yApQJ+vQIhpG/8CB2iHRHSKq+DouhMqjyhmX//hXC8382j2I4EDFSz/Yezzv+Q6YoooyBzWA13U1LU7Boly0bJBuuUdsBc+XFoMkNxiDRnO5HmyYLSyA1+mA7YlL/CqMMYGKnrYVN1FXX0AAgfysWr4/8/GwlKh2vHiKCzksdYmDqfoW47gox5doom9DFS1iMlcD8ZmEt7tkOtSAGKRlp7SXKmbEN5dvBgNBMT94kuX8BPQewHptfW5ydNxiMxZ33iwPXLG9KLFOChbM/7Icr2O/AIXnPaELwOJ6uQdVDaM3j2Cf3GMMgK3LnJXjo65I1oprhry3qlVgV55SCTUlYPP6LqRKS87pmUo1CzuftpY+lsYc5ScMBjfAnhlZcH3NnCCtfqoM+FUi+xlZrnAsJ44XSbBKdjc+/geGUc0Od9dxPmJj3Sk3UvR/hp6lkEXiTOE8DIDxauqRUxjE6iGiWe9XJxAUW59jKdntepPC+TVxUmHeByTfdVxOLBndACUhlSQkFikK5neyrUgDFhVEEIkAtfjSm071bu68a54In+WICpZOVQXRxjVhNlw0d9rwe4J0rhq0NAxy5PeImQbEFEAyPHAbjVs1Kr7wYKM7ybsR+KPMFbKfs4WiFWMv8Dzz9i+62Cr8OGCvNIhJcwX6OznDwgE5/wRlnacFN5CRHOfte7Y6ahiWLleCLKOHGU06xs2e1+csSonRK7EFBklJAJS8flBEvaGbrmp3UPd53HU20B4T5OEmAgscRnFp3fHxiGK3sMtDt72VOyZwgVKGUtUWkQD5Wks1oLe9r+QI8s/LVvRGq9XDFCIPzxRJ99ZH9RD+g52ti/MF3C5/OPCiUr0yNomw6mO47b5k0lMdIp8cd9amxzbJ3cf9fzMeLLjTEY/Vn3pb5Ti3pg78jCP+Th2YLoQRRRwk8iG4Rnoz2eBbr7j4+AVtFO+23k7GkSLoWW3SBQBtX6VKtsUmFRofG4un8ALvFKlpz5FWcTtxqWlXF6E4IX9vuc9JItCNr4FAlSGNl3D16INIKb74kILoD0A+Whvg2YCC/liNWVeV+m56I9ytJwMG4p7g2kSEk5WJ6mnuhYHifi1Fbm8QnPrHGapuV0WwfwJ0xuo//Vf3jmIS+8z9G5Xv0mwKwWs94E92o6uxTfKn+11V6A0mUphUKP6e1pPePAR97o3vpFhOfYhFGCjS4oxVvyGSZgukRb6UinTP9KHc/rMbl0Qz8gI4TbxXsTsQobE61pJj5i2PIZ5xrTAEDKxT4d1ZrbqazBez+f+H9IzLWiRsf1XnyNKiXJkKLR4SK3PG/oAoNrEnAtt5mwrr/8mJ4jiTyyDp4+FM662R5OEprJQXNCtIYyl4J1+aCnZb5KsIQgUQPp75KUdzWZG4vMnjXwlLHp8y47pLmANwsUonj5y14SvFO0x2fgbAhQEd3RSkbDCIsUZ4T4tJXb/7MSHHgkSB1Wi71TtOF/IojL2lPdM2XMi8CaruUFfzuy31A6inPeMoeyssJMTsg2FrcM37MqlFKfE1n2giiDvz/yomg/o0CtfhxUqKVG2ZfsdH0VnVhuuxFDCipTkg+ZwGVngW9T2VBj/8Sj0BFRYquYefsxDo9CfHbHWJGbUopdikHz3ZKlFEphGowrWJl98rjOXuP/Fz3a8FfA52K7KKs9F6TFAV6WpSZX+0Irdlgn95JdT/+TE2/RjV3JGb9E/IMLl8omc5TuGqD26df4NDLIlQKI7yfoGnRCRjtY9n03niAXYWxDusIbnqNYcoj5wgkYkdvSChIMkiMvfEciiZLIKh/U8oYNnKSeni/UmdGsUxgZCSch/iObHQv0tYXi8hRTUMgabCnerdCqhrUFtTwq+I4DoZspycRmA8fUyv6b8FGospBZ+/I0FjWgqeJVtAaFlx7EaRquqRC6HMMKP+Op08x5ymD+0JZsa4orQ09fVB8M8m5TqDgbP5lp4+Z5fu0rW00bEWl1g/nlyi7i0UeusTakuzK0Zx2Vly4LuWhN/dugRhLsE6d+vKbsdt1xEWb4HPSur0lpsSsKxSiYlV4Np61CIU5ZjLkxRSaG7dDUt6rcYt7Z4azZolR24MOW+Ufu3e/r+KZukrXYLs3r40H5bHr6Mvivyd19vN+WEJyzvcfLC85pb7Gr94dlqAA0u+aC1yTejXzZy4k2zsFF+ow6ihluyc96FUt/ipUxqaO0dUmbR7TbvdxHTuDZDL0P9Ji/y4ZwKDd3HIhkQvHsQ7kr0H/jTVHlLFCsaxZyXL4nw2nB3DqDnTp04C6GL8+UFU9RlMB6E/OGuJ3aVrMvrkscq/uxirFvP7YoLRhtG0kpYwepyU65DyH/o3wj8lUqZ1tdCHavaWBZqhE4XQfESSvULkfDDrdmvir4ZYT/Z66pq9OSH9bOMm/b1gq1EI77AZ81cPZOGu+loUQMWCFaTDbNul+2dIR+gxipYpRyIG3i3hcffvaAy5vf3INEc7kI68gqYnDnJ36DocsoLwCeQm7Y5SDXayOMYaYdeXctqVeJ/7pD8DTWdjEnCm7IUGHcp2aufODSE+6knmpYrfrEcizlm3DSXKUvHlG/XsbCP5eOQ8Hqc4nAiurd8GkNRFCd4LEygW86aqAKU8WU6ucK/suJRIrxFUFgh3ZCG7uDiHh7NXC5QQBzYxCuujqoZVz53ygJFkI67sLArJ3lKoASCEvGD9cxQnUjuOt1aAdum8dITMYJ56kVdvniXX9LZ7kBuKFa16W3vyT3ahDZ5Os+xnPK43VxPL798KCY/1LRy9Y2PD/4yoSkG9VOzy0COEuDxWtmTg7zV8H76GYhASitRGSAVUnr3k5wvD/HCWIU8IAldrnkh/i++C8YWbqPtn7R5GKOzdXC3YEJEycjBtAk6vsKZAh+7hba9+JqO8ObPv37Ha8UbVJ1JQC9GjUqrqwTkb18teSuHW+JVC9femAn5GCjW39o14sGbpe1dGMZxgxXiWIA3rSgNb6PaX3XGCad+tOd+azqL5dtFvTeuMRAfmm44zLvP1gndxnwT4CEzKWQSnYnAVzMwPq9wkt7kP4yD+IJtvbOqeJckmDMHkPMorH10UYLmNOSY3TAnjWs6NMLueEJcjmN/1Cbb2593CG1R1p9p/n69KZ14y0U4I/lHEL3bC+t0VnrDoyj0q3K1Z3agYA2c06bpftKvKg2R8GcgK642Dy9n7lJJL05tEKPDIaNeZ/S/flO/WBwIWmxrjWWr/Tp8zcf9QPv71GT872JTlePcGsZ3LLRw7y0+AZy0/FT6DzwBNCz5OXEv8eX7IX/BYw0K9GFh/qETmhh9EZJCsf7lYjHZHMbPQXNj8+BzjMAG34VLguiWyIvxGReXa4Ox5tLC+e1ar4DKgW7UJb2Go8X3nFcNNKFNWaB7ECjJI/JzlhKdB0d7xMOu7kf5oegRw8XZboaI92LANPT6X0qBw4CI/U5OpR1KDdHstx4hlYPfoQpwG85C0cF22gvBHIWrpADDerYAqWaSpRkfC0SvitdyyRKQttG8YT6upLIQcHgtZtKrSVuTpUJwyRFs//tGWb4g76P9fdZ7fy/a3FT6ZowH5KRUTHcBEveVqy31W448ers9s9AQJvNAHRWmBBPFQKHEXx+ox7Oe/OpzOnHzLbaUAjNPE2Ml48nPRZ9VFWcQjiiefFzPpRuw419dMzCfskLWbKCy0m74S66bZz5DYbiviJGPLEc4z1U3bOs/C8xDwgudI4sqd0I6PUq2zho/Eswu0i0MxHYCsV6tKMR9rYN5QkJFgwkMUlxVPz9PjqgIpO1H4O1makKz4n470jBzfYosMEA9TPaP7ZS3NWGGoZ3hYCr7FW/vFX3jFd7pILSpU04twmTvBvfHiughHDJzN7LEkRPQvVM7aEv9dLVBAA+wWl/1xlfr+T4oC/RQDbbIjXLXfXiZ9uOvSlQwSzK7uZv9Ou7XLdpQay67D0mwO2TQ9mls3X3S6JxXMtIl6dwgek+/VmUD8n+3Y1ygO4omTo0NMxd+qpw4CXIKBH23P0llX1+rQkh4S78t9IiqmUVxsnJYT7XvvxyWyAZVskhRH+hoKCtVwzzjsD1L8/t7xy9NvO4kIZ7h6Mm0c4RaJDbZOmxEBOFy12QI0fw6b22OU8hKD+F2m3XWIrmrjzAMgFFFDMbj2c46NmO3H5Tl4wMg92qT1lTCASPOxd4DyYYWAXs82CXgoUIhWUpBaQCahcQ8jCzijg/NY++rFRWvx5PvAiwKtSHNJCoXD2qkIghwMFWS4jYyLJ+KExOIPBgh1++rPSVIABrxUMFP+ZSsWt7jmv5iYqKJPwOPN3EW0U0dRa4sdF0ZsRYLA3JU+TVHaszLs8lkxZyBRvoAA=	{"mode": "manual"}
b32e062e-3d1d-4e7e-9971-acb5564870f8	Jimmy Fallon	Moderiere ein mal den Gildentreff	data:image/webp;base64,UklGRs4IAABXRUJQVlA4IMIIAADQIgCdASpUAFQAPjEUiEKiISEYCq0cIAMEoAhPlVVDXPz8xtABa7Efqu22nmp86D0l/4f0mepj/Y72IOl4/wtfDYkeTf2bHhuD+lP6/zS73/e7/X+oF643YrnP9k+7HmP7k3/heq3fF+cewB+WP+Z6mf/N9zPti+nP+p7gf8z/qX+3/vH5F/OD7C/299jP9g0hOJ1U7VtVZdmG72Fx0NNjJUa3IjPfR7j9EKLwNhs7hHtT2yu89N2m9c4rMJP+0SQKKNhxWsgg3yJkbOsc1HCCIqrFWmlTipabRg1JCQ7iK3QX2t1N54BnOfqfz8octDjV0D2kcRacgi93moo5kO1gu5l6vgMEMnl3h/cURupuzmltJP7j0tWI56at6iDAAAD+/vh0mkeNu1aA9QAJr+ElB4KS9AWr738tBFSQezeymyF4vEdNaLZZ7N1y/h/s3sbrj6rREUF4PG8JibFA11PEbr5DQW3CiC8EF7OgPT4VRVqN3pqiVU+C+DzAJ/Qw8F/3sQIu9PdB/oR3rnh7uK5aPlQskrGwplLSdPHBo+CSVrO21+e+9+ddeWo/3sj6W8mOwGpIASuW7i8k6CplHGEFsgi++592L9abgUsOYjXtl0illHo5zy3Y1SiXKDaqrJ2zvSpg/tHT9iwXzx8CQaVx/O09tiRt4hl9nhJEFGDxEnF7TCsIF7sfvuw9bJDETR/yNPffNmzjOHw+RBw//cZH8Lzz/h7TslgadEREKsXv3g88vz6mZ8oOObmMtBySk5rp5MQP9A64G5RRcDZ497kdMXwu6ddRZJ30aTkOkH5XAUw+Jd6u6XjJNRSKBhIldDLUjDosiPoNz69WGgu+kKCK9uu8ixOR2egvdHWnIwTqbDy452/AW1IYCGebnfLav9BWcRVm3Dr7d0oFp6Bvr4J/6Wu9af53YXZJg3bXaVDBvSpHA+Xo2Be+69bMa6eNGDRJsov86/t3F5n/zvGCgaIeBBLOxAgBLkjdG1mveLefvhkpNP6OXTWT/3yHhSwaLYSNPn3OvC8+BYUi6daR2lkwGNpd2sWoMPZAan4KQXK4wKLEWsmsF/umbpGDTZ0t4QHwVuhYX4jzFJzLBKZjUnju9jeXUnAuxx6HUd+fAJFGfCygCXrcXxPhKWW2k4cPQEV2Bl4boMMIpNmm9Pi2txBSFvet7dQjEewb+yVB/i51n25Wr/EVt558y25/EA+8uQ3EvnoO+1z58pfxf68QnoBNFkjyvtaMn3tw68byX+Qb8FzdMCjBUtA5Jm2SiZ0cwYkynT2lTn+YqT5gIYKiWOPWW4r1J65nmg/jyGijfCm7+RUCVA1e+Sye+k0k5BVkqu/XKJP159SHIV6Z/io27/x0yHQxXv89+TKSBSC4N0LtVmrsz+DeS1+OyZfVW68a3d1HAmWRQCj6RHBV2gsqwi3a6UaKq9caTE9e3gcAC3kE9kT5TIdvkDLN1kayFQ+RJjrJ9rOEcBdf8EBn8VCbPpUtyp1nwWh5TFEIwrQhCHxQTjLhl8+826cKMDkC2qeTcA1+nioFEesGXAHhfeDJLXA9Wex7I30z7ZGs5/6+VbmWV7tSxcCMLmmfvY/f4v6GWX0nJ5GQG6VuVnFMNM0EmlKp2lR2wOaguhgV+D6bOIKdtYjdL4swro0LcL9LRRjtS/pu2iL8Y5kW/7DV6nub0DYDZIpbt+TBNTc4WvprTBPry3Lj5IWmoCy+ScurJbsnIoK25zLtKMtE0gGQWOFDOulSKUBkXVoondP7T/gSLekMnnDBS/ZoMQTVzCunX7g+7ZtuPNqZL5+/0cmnRcJRYrhP8gxFSrOExKtqEtupAwOelSOra0xf1LUkEodQPxn2mqRdAV6zjjh8POfxleJvKnzo8rczetDMJ/cifeUmWm2qdJWLduUOYvHDPB45N7awGLU3uDV9k4sBvPw4NH/2D+P90e2iveH23djK/N/NbHjwFp9JmR8D31UKyuNTscQxUbYMPwNoSggq/krL7XnCR3N5+awETxWG6PeKvY4IDFMhJym0LJw8nc+tLGymOv2687JX3BbBqswf9TjdL7FKWilMu3/dGpH9ea3xCXF8QpvzikungX+JhZJ3XPB+7CmnEZMQ0dpNeQ+0jKZLO0OTuNIM59PoHxMAwk/GPNMKpUo8yfjh8NVqjvOUnJv0q5nELxyCrKgyCo/j11Cu7Gwtsq+SY0nmnPGGk4tU7XR/GjtbIikhESIE9jjZCeSQ78ESXVKXNZeRSTWkiJ7dacC5ScV62VoCz1OZzj46EoL366utcVbJ72g94xpk06sJy6sd0FcmyQT9iQtbPGKaKzH2Q101bvtIoXBpWdAVSZf7fhJnGLsa3OCpC8Dw8uy+ZL96c33+xeLQNsLdx++G+HLGIyWmJBPnRFeaO3ZyHu48HzZfGvLoSBfFzzAZuF8R3dHXf3NtWwv/Br9WaYPsUh8n/V82beeXPrgcM0C3lXag/J8AO1TyE8ZL/3q2Tq5RjoR4/Q+Ixefq3c7XS0W875vHvOLUsRtzYszY7ZDq5Yw4Z88Mh5I5cTl+S9zqL10Av0UctK75aZpZos8jM+MWyX531MOqIZpD1oBmp+OJ125Sy4l33f+IaBfC3mSSC+AdZez4YTJpokCXAPteyIac2CpKW/0fV++lOeGQLzqs6bMcKdfd8y2PIDVj69oOeeXkx+WlvB0G6hUORfAsrOVSxNuycv75A8DmNW01LkWv4JbXRSeCuXF8rMJo6dx6YX1PbH1L4xHMLAjm8hyy/SohY5zDOTkUszlj4YubXRtryWW9TBRSHbBq0H3JTKE4BuNJ68yTI8CpqAymooeRmL1XCrY0AEqFdmLxginX477jX/9PXCIDdxImOVcrOewW1fewhdMgWNuu2f8SWp/+fGmXZAht2ULa2flghso/GgJcTCQoNtGCjV1TIXzcD2jzOVQAObDdMQfEhy91zrfCRUAH5xMjWCZWAHDLa5xvLELj8yBL/qToAAAA	{"mode": "defined", "type": "count", "count": 1, "metric": "c1e83405-7b21-4832-af71-27ed9717af9a", "operator": ">=", "timeFrame": null, "validValues": [1, 2, 3]}
b95a5809-084a-46de-bdd0-37c2413def9e	Jimmy Kimmel	Moderiere drei mal den Gildentreff	data:image/webp;base64,UklGRgwJAABXRUJQVlA4IAAJAACwJwCdASpUAFQAPjEWiEMiISEUezbEIAMEsYBo9hIoU6lPlN0xOd2mZ7fSJ5gHOp8wHmw/679bve9/lf1A9Y7rZvQP6WvIq06fBvxAeiPcHk97ivQP6IfnvmA+QP9N4z7XH+I310AH5l/Uf9B/Yf3Q5lPrH/ofVT/TP+H6jf7vwte9PYA/nv9Z/432zfH7/y/dH7RPz3/A/+b/N/AJ/Mf6x/xPzn/vfzN+wD9o/Y3/XhOZ/dz+NZgi3A/BPeoQxeX6b1UCPWXcJbGVzOeJkLB4XwnK/f3n6+nQ8Xv2sBuCYD2+9JBUIuXGyaSlCcwC2GrVfCsLjhZn9cIDe3Nf0OTiLN/u/FQfaGA3ZaKIyL+jY2F1ftQhQGuZe3KRct87YXQU33GMydREP6JuvBx0Zg8oSEo4aVCKYQ91PuCaOaFHe4cUzmBhkAD+/qEeOZDf59828vY7qBafbDlP/FFzJfQJq90tOyB2SV9vin+DA9BOhLZX0DksBmgX5vqyBwDg8qzh8y0HvxNmEw6qO8cYHBNVn/Ef8c0T+qI8c7Oxo+iwYdd4CBUuOAuwsWq6XJFiyNCrcGdKCXlvGB3REJxXuQGjoitz6uewPDqQw5PZeRJM4Sr5FmKSqdRWxJbHkeQd10diYyih+k837vzL7PgWU0J2EHpAilvrGjqb4h9zy6zDq1hQeL80pDmlt70EZ/R6cJZPZOiRXufgDueUzrcH7qnKA3uwqgU8Jl68yvB4gIA3p3zLmvhgfAv6Zg85oA1hMRRkQ0vBCdH3MPXNORsbHSIIv1nQTD3qb2WImMmVisQ6DM1tkCnBq7H93foeCieRsne5PXcQu3UeZGz5D1o9oQZ5kAO3x6aaavjl19MLIHQjK35HYS7ZxdGQtpCwMGXDDpKtCFfICXol2M+TMpgcsMais3ElOb1KTW38UgYA8yd4anQ/qpmyD6e2OH2iWs81wU3blU7Ebj6PJRumvza3wnNQJODRqfwGeFOIsrOz4d+Z3qYXg9foy4ypl2XBfFy14dsBi1HWhX4KH3aEKqcDbVOz4tuPxGzNXRTl6wxr+Kyj4fGHOn3n9riwVzhYnrNPIOb5++0/FdeJB6PdLDvOG8zK+ZcL97PRzAlXXBXP3F8TlJ/l9dikvPgcpfWMwD0Cs3fly0DkzGvCrea937tbkc/Wd6KLZG5cPMg2+NKfae4VEUi+url5bf36sOavejVfpsMAI4OyydZdLRuBTwPxORMWLWb/vNUAXmgcVgumX02DNmxc4v9fbBUTQvHNKzf+BrPYxVs8sia6IJ3AeKOy8OuT+UDJvO8NGoia9I7MXTQCDpUxrBPvo0G3tveosR8CyqomsUDXMgNVffeJ1AeIC6a+58/YcyMiBOh+Weq6U1DlqyJgNDuq3UirG4VNlHVbvxLN8DYlx/tc/8/cCa93WaeXdrDVEdRXkG65d8ylR5oUF6hjJsLsDbGZ9UAHNbDXOUhvOmaXV9fmRrwpbXXPGEYUUzlwBqrNnqy7zaRSDUUYoefuukpXwhFY/bBgXwrhimulK+cNJKT4//vzDHkC0QzkAZi1s6oj+jE419wpD2jm0RJM00j0sT3QJ/+1xoh4Waeq7mZw+XqCTa2pp0Sg7sjfZPfoC1BQB3skdZ7/HXYS6ll8vCxpgl/EOW+chdc+ZRVl/y2OMprcLSM467lf/tuZNoFTqYqmN/5wtQsEpnrx+upLmZwI/rTktsbd3RkQw9Fs9fUU5yi51EGVtxj1bney0uepcoereYgYfrDO2uW/NxPqKkC4qE/thi6b/CWUj/BmbnFlE6NeJWKdtSsIZ+z+Ac49z+ev0CKYTEj/8Qa8Kdo3FJo7Fs+vqxV3tmRxImVmU5OlTchme6aFLcQ3jSXBb+P+UJyHxjBAabNbVzWeTZtcPltQ0kDpG4MkgZnPX0qlSF92GvVbXE2GetIveNNJ4OJ4qDqxZ3iJ60F7PPSUFrZBvv1rM8HE09Y3QygRw+NhTnOe8vpgvLMnvoPeFU1MEy908vjxY85bbIaOEl/W+GFB8b7ybt3fNEXZqDeUAoI82nBy7HlOdWg0I3GQaXnP8OIdrg+rK2a5tZu14pJTWek+qzmi1OwcA8f82/MX/293F/6vSit2KiIP9jDutijg97JMiQq9OqIyKZzDO6OaKnD0//12RpS2s3S9KNEIaEXRELtdO7TZswYNp10r/u/Z33qQKZZu27s3TLngqfmpGDXLRmbu9Su30uWFyy0VL5n20X8ako9X4z5iEcsDY1cW5cgizXlCLCKMLvhHk6/pj+j5+KPotVpwcP725sY5j0WPa/k+/Dyc3caQ9euRI/sXjIkUUfzT1zmNovqXWB0Z8ymBXUmc89a7Rsf/F/exxX1s90vTvKZFfb6xOE0Giy8r0awyJECphVaRjp1P/UT5vMkcF7eg79q5ROcHJIpYkwDu2Mu1GGsbaIXpjBgd+lpsA+HRvoVAzwUF3VGfnmhqOL1hIxOmcjXcoXPRpVWtHTrXgrCUy3kFgEQ1WTVvtBG2l0S4Y8Pi1yWL6imymz1UVnyhvVfkqjSVBRkciyqc/5oiHH+WHWwzWgdp39Y/XCs8mXR3S+a1VYClHnuK3fW49EN2MvrwJkG2luBCDamaaAk2dFsG+42tQNeKWtlYNJYGPKONuWRpdc1I0yeHIG+uHX90bk0zyGue2BlRNYeC7UcjMrX2ovwrT4zFfT0bmxDDX8yz3PR+25d6c7L6/4RrhWnpyqHoWo+6koVFu+qtVKtwMEwVWDGuPHJmFsV4ZdIV+3rIF6nmnPLai5sORYpZOeZ4yNHuQ+wAXES+Dy8t3cm5wNBC3/p94Hi+7XNsKwMCVUob8we9d3tuf+wbeZA3T1yfO+12uI+NP910c10cOa5FUoO2aUxFbThtOWTNXoH7GIjD7ke7NdwOdJbErKumCqLkX/3/TpgXUHz5cgJ5Vf96d09Uc40uEM+6st9dfN41W7QJHbfbmehLdJhZ+IT6x4bvWOZ/ZNO8jgVSnbudp5eXOZylu/zyZ+yq9jC7LEZepva0uKTxQH01SgV/0Hm7T8OGWHuDJ4m9PRQ8g2JYAAA=	{"mode": "defined", "type": "count", "count": 3, "metric": "c1e83405-7b21-4832-af71-27ed9717af9a", "operator": ">=", "timeFrame": null, "validValues": [1, 2, 3]}
31354300-b7e0-40e7-84b9-e00525117e55	Choosen one	Somebody gave you a role present.	data:image/webp;base64,UklGRvoFAABXRUJQVlA4IO4FAADwHACdASpUAFQAPjEWiUKiISEU7RVwIAMEoAxQtjx5+8+cDan8zwfdJeV70T54PS55hXP38x/muelrekfQA6Xv/Cv+mynw0uZTvnJgAYUfyndnL099+BgZke6fKoMaGV90e+cldUpvZKtY50woMoq8N2EZ3tvMGMyZA94j4y/faC8OBQgoQbpncLERFkFaTrFkM8lHuDRVdkFPo+5efpLm+ALGLwKCwlapPR75hIR76kAKmzUSAKnjl+pK7L74eqLTC6z74lNIK5rFhSFACLnHbrDn292zzmEzoJ1FHoiLX5Qf+jUa/0DL178d1Q/3skAA/v65czzSrG5pT4KEpQHfr+rIPv5DtlzTf+lyV2Q4mrBf9kYmYf+kyi3EdLVBJ8IFJr0Xf41loeL5kDtA5rjoTpSJM/9IQxSgVn1/+cCpXn9DsT/sX2aDQUGKqAMQmd1Feyb/cR1w5gTNId0fR61RaCPEY7H5w2QG61NSi9qQrws+GLq1p78raIn5ZClQsGmQeSElcn9eX08ySBIxz/zZfW7FJMpiALcfH/POgsHWwYZjvphvvLejLZzE2rGgk6RWObpFTHHGDOIkAFjGGrHQfAe7gS7i5g8Mn36dCa9HO9Z7IbXYKESpVc5b0mCQ5brAnwmVXx67cYqZuBqX/Kr61v/AsLZ114t1KLlXlwmUUiQD1paW0fnxR4Lyaot9IG6IVa81HScq3xK01OKvy7jh5GPbahydQ2oFQcLOtciSwsyB7By9r7Q8Nj5khXI4Sak9YGKnEEDSP1Hfld7usGIrAmfXV/a9R96Dpto6f886Mzg33eR7/d4UNq3a1pgOCo6QxrX3/l+bzexbjPX+aX4wEm8jHx3+7kMvr269Gw+o9PwhPU9OxEMaRn8FRI/TWO3h6sFhyR90ENjzZCwvrxMbgmKfIpGcTgrAGUMN/7nS1jjidQhKsKveWCaiW3CFRYl0PKIkJyNJO+kPnlYZhQrF+Et8VEks6pVUjsTYVja0vs3E+kaitu6zOeI3Q7AJm+JI0uH6kFFF8gzFMUAd01G9olvEfn/hKIzcKBWf5jXJfjjLgVoeGpNHaxIaV5NH1e6IcSSY7CUKYJg2XFWEeoBqOJ9NpX9ez01opjH2/DclEhkVdwiFRvWC3k86IzaAhWG+4B8BL7bfiBEuDJr0ro2dw5QARJWEABVwmOPz5ZrcLXECVH16aiazmi48lWJCkandxZYAAaNam/hIw+uzc8i8pRwYNjnaGC/IoT5EWzy54RXpGv08qQko4ZCMbR6+9GMqoRsQ6O2f0GbkWwbgYiCr/2TTBSPvzD+K242DqJnrvVWbaFVunXGeyaHQg2KmHZIkk/Z8dR9WO9thk1E66FYZPRgqUWzp9XNp+m2aOj7r9uuln9nejv4A6YyMH0ViemVJkbuUZMekQncmeEd6f+M5ZXN81Lat/38e79ebJA8D1vDHTH81k+rTz0W0WqKyq71XAdSOzW1kh5b+WoYcei1CcFYe14df0ofkJBU/nGT4Wq0IYhOWJWALNErXJZWjf1MVVLrJiga3h+EtCjxO+N2Ze1uIStEzTiEeNbYO8GtZY2x6G31chLJ7Ra/66c3/8kgBz4Jdz9hoioCgdmFolbVRaB6pRaJvXoibkeLkNxce8novE3YXp/8MdRf9P41JB9A7uK+fj97ogW2lVsj5rN8eUGA8q/wvog7h05Oxm4ihe8a7Iacb9HurA46XpbMk5evLX1oo4A+8HRbHqxWTTOgSBDxoll/5pcAs79zU55rvdNSJ4vbvTEGT8WmJzeNjAgPCUyvHTADhbQ7JtAfCeqCkxmtoNK6h2e/BStvio6FdNl2GCNjeMhPZUVKE/JQYkfdx6GjMyav3+xkQ62cglHtVFGb1lTazmTNvi+/8DG6ikVt647nynwqIvpcbTK+fqH8ngv/2A9xO1xMf6HXIyB9E716ZfB5K0oUvRQvVi1EbRh2TpwNzXq/RJvNVDWXEJtmtt4sDLwOLNSpHWrquK0jMdPuxssw5+egkXwAAAAA=	{"mode": "defined", "type": "count", "count": 1, "metric": "f827704c-b785-401e-8d65-1bf43319f11e", "operator": ">=", "timeFrame": null, "validValues": [3]}
9915aa50-0301-4576-be37-867f4f8f520d	Streber	Mach ein Freiwilliges Protokoll	data:image/webp;base64,UklGRoYHAABXRUJQVlA4IHoHAAAQIgCdASpUAFQAPjEYikOiIaETLJSwIAMEoA0Pxsrv/F+MnwWiX9Z2hL0N+YBznPMB+tPrVejf0AP5r/kesI9AD9jPTK/b34MP26/a72Vf/PW0OYX18oQdpf53blPJf/mt/o5P/Qf9T+WfNB3J3Fa+CewB/Mf6X/0v7x68v/L5TfpD/tf4z4BP5f/Sv9l9xvze+vb0QP1yXbuSUiNsyJQEuIJUx/ArINgsx5NJqwlrYg6/DLbxpjRgbV8u7I+gspRNTnW1h2LpA0F8UMshexcGdCtbVzM6sMKwrLFPnSqwWs5ZwRZUHfHxNp6uN8bmnlL15kfYS1EWDQPdM3XhpW842vzLSOfRT0YfUB6QJM6iSWsB65YVsk8eYAD+/gZdF7EPO0TnxzAdVhITazsDLyRFpTROAezaygIP10ky2IlrFtFWq6/QkTOmOhS817DD47YmfWjz1p95btQ6LK+5fQAgE9rcZEr4ab/zDUILnJS9+k9ndaZ1uBnFG/z0SQwd2TC2oWMeNqP/0i1pHqK9eq0bW1BHyqPK79bg2EwruRdyhNvX8ey6oMscR7OYCgYg+IT/0n+NleOGkjkIG6HrKjytqP0uASRsU812WozfX/wao0DGuDBH+09ki9OYIPPJGuU6LRT/bsrbkhucs1b4e4sQ6PaY8lG/H9yJyDB/HWf4c/oezVZ97ByyZjyd4TeY8Xph/T7oc1X7r381EQI9Asov48oxX0w7Tgx3munARsae4Li/439/E9+mjdlv01XzSb7fyRgVs/8KjLXpRn30SJYr+e/+L4hkch6KiPqcxQJjwWaDN85lhrL+Owp722Ux60bOd15g2XXc5KgDlkm86Rrw9ffet8N5CSChVIYSl4YWQtONge5EydQyFabj6kVLYdrlrdQmxEoVZ8I0t4OKYPP5zD9BQq6z0gG8F8L9/be6nD4r2EDElxiW5PE6Y+LpjNpPhrkT/8NQNuBzWnFSpohXiPJ4lt0qcdZpbMWTZ/vFX1v/HVhlBw84nqPm2v6dwVWf4u3KdGXXEPvEQiz8B9Ng+kxPood+k8azoOReh/8NMO1bR/WMwJvCTCjtLTKhXdoKwS95XpWv6ZoiLVnMRZSwKYaL+dvtrrft2wFcHMobM+foUmzgED3qcl0kVGaUoiOvsi2qcqyTZSrCAOn8hxp0aYe50BSgQkB2Jjd+27cZ7bb7MlQ08xkHqyCdN9RGLqKgembDx/OJ87Hf4aY7VAvFqm31/+XDQ/3XzYlPSHNFdsty/gPEIFDnjPv7btbwWemos4szv/dSxXhBMC8ll5Za+kXK9H+woIXBDsq6z8jqQz/Lr8Q8CN/42sa5szjOnOv9kREHkpKKk+Np29qA+39zI+IN66GuOGE/q2zD/LvfyxntfhvaiHgXJ24zFvXu1ThVu67Pqjo+Qv0dbKuf90qb36AfwoHkYckiN7ZIPfrSe+fS9YfE/g26yrbVWP+I34WIsMgfvYORjCjFfE8yojWR2gDcUrwyBQPCDyNCXdX/GvZT+M0PQL7/P/xM9aeryIfrb5RUxHF2L4ZX/3hRdrHxip4NMi5d/o6v3BSEu1c7kCEeGUGe1I6GLVo6KfaYEJZk25OGB65QY+NP8rbU4kUX57ELpbErQx4mKsPMn/5dqMpWS5whA+R5BB2KtDvIGWbQ4o0zgVZtcjPqKUtSkYMc8HiOzC4dzGUzNDdOFmij3w/mAYFrNn8Y3/9vx+NTsc+cGYzoI58DgfThgwnQ9xUIh8+RGhznIGS1zPbUcWUfByL8Ud75fmcIA5vQ3++Fs/5iW7+U3+i5CFjIouZ1/bQeMRNfcSze9FFnA0/j844TnZBbxvvCM32rBlxo563O/8qYd/crpPeBA34Qc1u4pZpv4hcFkr8EAEGxOHkP+U+4sIDiIECxM2vjMMxr2wN6i3q/XD5MyiL9qUrA4xxOruUQX+o/D6WzevfKA4sohKLGoP7v71zl5wyR1BgY9pvaqUO5JUVjvIramGORf5nBwzAXtuJoXtf5VSTaPrtnAgYvGXK89y0CbXmr16LVeW2n2LjncTeBFgTzT/zarO0res+l/DGHhYi8RyKsZC6pshJfIAKWVapUF8cEX6Rx13RcMfyWvbmIUyQDjtpzP07oIS6jKXasX6c5+iWRC01U/y4T4E2EWfktu/p5Pxgu0U5Bqk0wcM+uv4MhBF8rT6CLQxx59sVwvN5KGAXdacScCz9/76g6oFf8ELPHBgTEIvScQ9S137TIo15lL1X0pRwnhuNk8rko9Ofirc8rh78pgg98aLBmBiHMFgT4ELQ1yCSP3zBt4CeJ16NSx7LgURj1kg6vGUX7Ldy7aqXkkexVtc8GCtVsBNkzDdlHZA7w0FHnDdeSq4QTELOoN1CgA173aGn1NPydYNNP5p2Ig/r0TjqJsNYb9FFzVNJQxjGmsYO458liP/VLMyKfP5SZ35bZjlq76dAhr4HIlY4zX6vjDWLSmLPKmvnNR0cOitDjxJ8wptPRvj5R5etUiITn0SZUjNNPlvrnRsHflwK84Xm3INHu07++A8i8J9gAAAA=	{"mode": "defined", "type": "count", "count": 1, "metric": "f827704c-b785-401e-8d65-1bf43319f11e", "operator": ">=", "timeFrame": null, "validValues": [1]}
1233572e-8a0b-468a-acee-b223d9fbd91d	Günther Jauch	Moderiere zehn mal den Gildentreff	data:image/webp;base64,UklGRpALAABXRUJQVlA4IIQLAADwLgCdASpUAFQAPjEUh0KiIQuOP2YQAYJaAC810dDP7p+PHsgWJ/G/ib2Fds8b/uayQerLbbeZP9mPVI/2Xqt/vXqGfst1n3oYeW3+4fwxfuh6VVz38H/HF64zoMy/VZqL/I/u7+w8I7w7+KuoR60/zn5bfk7y+2o+YR7Z/Xv+PxrfYDzS/8v6sd+/5l7AH81/sf/C9O7/l/0/nW+nf/b/l/gF/l39m/4vrs+vr0Rv16VSLIWxdwO46Gmoe74EWTlP+lSKl1T+x31B9ly5lsf7E5+qWbPlygVsDfRzvsZyBUsAIP+oco76fET4xrdeBVr6bQuV0eY/hHoe2IfD19qFYpqnycf+LQlC7IpX9aoBa/vO/sVwO4xOMTq7oLq20cE4T7iKH9DuvC3VrBD5Y2ygTg2sE8Rcw0f4vdIpRawYlA5xAfNCkWwFQXjoG6YtdEYqF7aWw999SqZmE9Le6Qo9KPDvXV0Lz6jR1VEkpggaZ/ZEMGdYXpHqLQ+1oly0GYAA/vj0Kz24QueK//xDHwkHwkH4SD/sVYAoD5wlOPjpktJ6pq5lqGoQg+ndSfAVjpMcZfrTsYznqx5dAYvW7xbfZAenQJYByYid8hISK1qr+eUC4gDcd6dDQvBzYBR6e3Baz0CRfvK5vno5oS/awsMpWZs3cagtDJr0U/75v6memamOIpS7eHZBJzqSOWjOSOtVL7SniC+rcrTQt5uJQT6bO0tEua4mDKLRO0AWyF4kTZTFL7RN/lB1Xp1NOR8S+B/xdtEwX1pv5cWimqa3DI9yBXk/IJJdqdu3MPzN9hyexKDBmt3rnV57UserU6xTVQ+tAQZvuYIe/JdEL45aaOBGPTeqj29f0oeYRKXdB36LC7SxcW+e7MYPYGD389//+YxbqFSYTliAxVMM3cZQCoPI2zM+Zk+McX2WpZSXFqBMyLKf+WBI6HsMGHSEPDsHqaEqtS1L0zpdWOh5nsN4J9IUjHE4vn5iiNdslAWpb0HLDyu4k9QANd4cSDvRMG24UGDQkXYNmYuN3a1UMS2hiEqZUJ0Ap6SAZ6QdyDRCBstNb4NIytd/GtqGzJH96bSxquMXg/3cOXDxkgWPlNfouNVWuE7eDfwCaqoMWoMuEZN7HsfEM91nRC6UKfcNnX40VAA2iBEF4PkhjleVrDVvI1QOKxyo/m4du/UsyWHFNNoqr0+8Iho4y6ueubo9SgS0zgQ4aPs4TGMa9zr7rX34WeeMBeYR1uoN7iAdVDFZYAL/WYsHXwE1ATyRyvftVbhW0JCtY8kAjnoi0rTuoekxZR4c3d7XJbiaC/body4bruR8hH2wjz73G1aYAWrEyVApKKHTj0ZZPYFYnN1pGDeT+FZ76vMpWBFr0Ac/R7OJjvlToWQEXDpuc4lZJIWt6HUoyOOOfjCnsD9qmGzEcZnUfGyvAOOBGnUnGvFb3sdWu7KbfEClPLQ4TgJOiQpU6vbNtMD36sl38AkDwEKYWcR2anxh4NSSVWV4YxrvnmXmKYlowVz2JBcCiPpQen3qj2u8pCaRyODeUCcZXsAtwcy6yuEkRNlcNi4c6Ua6VstR5iW6KBjewGomKkmjEBzs6z0UxtYCRrmRL2zdRiWHyM9H1By8yU2m6LFaN1QP7yvHpl0pk6vJlyil7nZ1Xv1F7XU65MHh7zOB8fkEiLejfdHtmM2vZF3uGFjDmLrCdPAjHizTliWYQNj+Kw9CS2i08kNAYWJLqibU9u1b8QKTDsQNKHfQSCR8oh1ec7kuRC/qSNdRHQwF7H+BV4X+c8sPK9vuzbXDC+p3yVhvRxMn7NnZ4svYI6HgOdyaGgvCWwAqv/VxJKEuq86YkQhZerOfm3+e5wq+zYssfwcSdibsnGw1llf17oXb1he247Dj6r8T1xIEUpdnMdZTNDOD5JIvnwpcO5lXw6qFcl5vko5619i2Uzd5MGjoQcc53gL7uP329hxW3YdJghf2PMwkZvjSs9R31CLoJHBeoEKOiHSw9+p6YqaYbyvwqTu6MJSYQp5Y43CWdq3fFaphdfnyFjF/0zKnwqybfU8F3Wv8KD47rdvD/9Ph7WXn6cDpycNWPWDByTPyYPij54NUSK3nip2GLr3TgGmItiosX+BEKeujaBx4PSqLreGk3/t+5ZsdE+Tvv1UfQrwmc3TzU6vO1/ApbeKlNlqINJr+Brwr6xJbmzjjLUNHLpQAnZcrOZaTW3+cqcm5US5trfTd4MJXuT+7lIrfc6PSCQqs2oV8LfX1EfUyzrlmnSJjSWwKSXyBRV8r5We6Rcg51V709UJETU7zM2TFliTE+dy2iiGTNIoCwCRa7quiGcC0X9H1WSla6i/ztq/Sl37eLFMU0tMHmxuawUh3IngohppWGkpkELHnYmcban0/PPym1E4QbDmU5dCiERr1F/7OA10SKn4C46pT6dZ7APEH7C+oo1JFUOZZL24AQNQOtyH/YHAlXi3bSXoJ+tuH7/rQA4GLL4soO6t8O26/tXA2qrk+8fXH28OJ2CRxE9hth5PxXnhnV/DGsrgVtrXXmvnmensIBeRna998Ol5NjLQG7fN3HpFzjab/ZqrH0jpG9O6GCocVX6VPVo/ENIlHKxAEBSPLn6P9hxhtt5v4PC5InVRp0q+SWPyFqgKo71RJw+TDbGShqDMOQJj5g8Xv9M8+DDfx030U656F5Qx192uLYIt7lqiHuE2/9jyklwg4ARopNyUPDrHSvaW1mTmKsIexKmI8zTCOEKWtF4+vgXbofspef3DUVKGjFjEV8tsvU7yP3lD2C5dDoG4U2rFLhxUfxPR+QPOnUL5l1rmj4B8PnhrE4jpi4vaqJRYsI9bi/4Z+AfzBj/3/PTj1TzSr8X8EaO4IxxdtSGwVEirm4fZ7ml+rColUuzyb7nJOySfrD9PhJ5yQT/o4JJZanponyB+Ufs9MnCepoO4uQBgiTvhM1nnSxLwB8ELj7m0IBg4XB9ujSPRwAhYJN8XIgD8rudYW/S4pl+uLM+NZgEGxhHgd6RNMnenQmhQaR7lrJAWhdnWvB3diUYiHPN1zAP8VmUh6RPjtrLRnsPJn5M4dGLivCkWIlxZmraivlL36+1VVviF25JsDvTCZ7a3LuVd5uQyj/kacLybqfHgrf0OO9pnHJnJTfsbJhf6GR0XIhXMdQPlXKAbPsojoEOaakdf4MVBRz9gfxrJPmZMjGrydWipPjnRS3GcgieeeVxe5aXAv1BHK+o/bV+/IhQGm+ExEXmuFv0b48IdQSDX3H5NJR9xJMCxUi8lq8ayWb8SOPi/jKl9OWeirybUUNzIXOOaKXfyMHYFq14kUN/Ey4uymwyqzeYq5G6/cEG+WnPCizHmE2OqUbLFNAd4n3JU6BkI+IiT0Bmg89HG/gzBJTRr3FJUb3MU/0UnJ9Y9i8yDkU2wwDpL/T9/rb04k1oAYazi/ypWradCfjYiAa28I//w2IvMpGk8YYzgq/bzZjONukonzjuWeZxRRIBhgQi+JB53NLyFr5TxXzP+rpxsVDVwT8/4WdfCetDprOUBe9dDdx8L2SGIP/YpAo8KSAUFx3psxgBkkw1yQmiy2kARd8cxnogbaDSvJpcmVYTtupRVbvBdM/KJeFZMeDvymPpJa7MmBSYHSJ66N2/NuSQhnrc1yryC9jJr677pzX0LBsNyuNSB2MTY6kzNRYHGNqVVBZzu0OHQsIK74tNNDuISDQsGZlX9/JPzleZ/b3vWwPqys05gDquDpcPuPXEsa+x+J9eNPi/Od+YHefimvDkXEPx/Zc3t/jA/OYlrPSTDypp0mHoxS8QFIYaz6wRkkUe0VAhPuNXwKTO0Tyojae+KQdrO3kprxiRmHct5QzyMwlDeTmdjUOESURCiFyYLkZ5WHPHZ/LuMGNr6XkgmTQGEihF7nWHFNxSiUWCGs4BOwEVW1VY16XogAAA==	{"mode": "defined", "type": "count", "count": 10, "metric": "c1e83405-7b21-4832-af71-27ed9717af9a", "operator": ">=", "timeFrame": null, "validValues": [1, 2, 3]}
1fcb3683-5815-4821-84eb-92ad0a396bbc	Workhorse	You pull your own weight... and a little more	data:image/webp;base64,UklGRhoFAABXRUJQVlA4IA4FAABQHACdASpUAFQAPjEWikMiISEU7czMIAMEsYBrEiYXrd9CebbjRAP6r1G/oAeWx7H/7j2Ex9R/HfrAu3nq9nCPqn9Y/Ln8o+cHeE/xr+q/krlk3xj++fmJ4qvoB8sHqN/l3+h4wbuD2AP4t/Pf9v+Sv9u+FX+T/r/5X+0H5Y/2fuBfxb+Xf5P+wf3H/z/4b5bvW9+yvsS/qeYl8z99yrJZp0U5rEzJcEL6uKGqf4BFa4ns3mY/T3IiQFLsE7DZBvZ7LI/3mzAr8hVQN1tV0+C4shlzrNWGbB/FZHJyJ9Ez89ssOHEgmkKh3jXQAP79g/j//n5n/wP/uneQaE5pt2j23+DDX8ip/epI8VG6G+x5OvGj+WVYu/w5txxK8WT+jPPNf5DmtP4R7qxB0U4ydEQ3fV6kr//oIMJ9ScXW1Yuee9IiGU6iNX7Vafw75k2Pz49yuYytoIakSLy+6EUH/njhCOfZch4CRH6Jbpyj6VIsWg+PctxO8uDjCYD8TfPWCBdh3/Nx86hwzc915+HR9T9OWjp2mEf2hC++pvu8vKaiec6tYqR6JPKx3NlpSXnniTuTF2DRN1w3snTgakvSE5njKSsGcoxc54Y8NDcmru8HSkyPEaTmJ51kU8aOXIJ/ek/7VeuEg0GKUzQSj+NQIR/ILlUX/5GF/+mwYA347C0qE8B3GCEgHzfrCwE+hunCx+W5qi2lXHu0cMaFveEEi6wzS3bKmLIbG32D3SzBONWdrp3Ds3BgvgDnNQUUKFBP30tOx0CtwHeX61vROt4trK6r/r3NxNMlRoeETMfe8tqYZIZ67qsAAOoLLRDmIS/m/RtiszFIkocAwva917ABq8G2KFzxhdEae0l+PDH4G2qTeX8hV1YK7ARg/XnyKIfKoTIfrlkHmmvPFXPly3PFOQga+Tzfg5Sykj/H8FjZK2vumlZRa8IGgZZAdEbqbxU3x+y6yVOfIHnTiEVNYYSybwvBvnC2S4WHhtABqDaTaGbwHj9kXfL5eoLf2s68aQBNk8ZjJVh1yCIrRXx8wxRgrf71iElYmQuacFayeo85QaSPJBnsBaw09ayRjO2TYwO9Kn8cT+II94T/JEVfahREKCk2IpjZqQcvP7JFjibZHbeAyOLPP/n/kS77ufKI48MQ2CLB/1Gh1fJyXKLS3D4DpmFCUkRgBbALihroH1Mx97LorrtY2YJ/uT9/D0Wlz/pJUkm0aeCiuhujPuHTTntOrnGD+4ZT3MywukU8fL5koFC0aNvKOWCP85dOTimSY4Rj56Z7jApM2ljxftmuoM11MdEAR/Jf1SI8oAsxRv/4nDvMY6YxQnyfn+ZznvrqtczzKNAqJzQukLfbbShRQUCBS53xIndSe8npYNa5p1U9eg28FEvBjyrtWa0Znj8fyzRvTpaqCE/u1eRSy5QKtuNBfujwf3AwOOAlD/rTP9yUZv3fxvn/ocPrEJaORfEqknwT2yqVgFaQWj5WeXrkbAcOMLVDv8BNIsE6N78CMhh7D4pNIwFp9ETz7+TTQJUtu24ZrHRvrnD6rGO/YFvjkhn3LL1vCRd3S5oQwjJWhOZ9FpJzbkm4tYguS7BXX2H4MGU/202mIF3dn5F9gnLXvbolZJfGI3RG3t/Tu80SbAvzOWbg9i7Q/0EMGXu2zV+ub+WFwHMyCMa1Yz6CXqPeQ2NJ0bf32jv/qfCbnv6kfZZxEY4PWEEupVw5Ej+EvrsAAAAA	{"mode": "defined", "type": "count", "count": 3, "metric": "f827704c-b785-401e-8d65-1bf43319f11e", "operator": ">=", "timeFrame": null, "validValues": [1]}
0097c68b-7f37-41c9-b5a0-066af648c7ea	Pechvogel	Verliere zwei mal die Protokoll-Verlosung	data:image/webp;base64,UklGRpgHAABXRUJQVlA4IIwHAADwJQCdASpUAFQAPjEUiUKiISEWq71UIAMEoA1XAafHeapWf73+DeaJMZ2afqvtm7T/iKdL7zAfsB+zPvD/4D9YPdn/mfUA/s39y6w70APLk9jP9tv3L+AT9kc0z7EP6d+Mn7b9xR5b9quTix0/BflN7Cd8e8U/j/+A/LT8jOPmAB+V/zf/Xd0d6AdyV/rPJ48DDxL2AP4h/TP9l6Zv+h9wHtW/N/8B/zPcE/kH9F/1X51f535a/Wd+yPsVfqchhPH1w77PndNpIiR5I1Dg52pafNdLuyu3fP8Ym21PM5ZyyJOKCjpQtB4BxobCDpe/S6fBksSNJ24JlYyizet6GoNScOfl6tbLoRWPL4gJhU/XF4Z1xenlUJizd0zMadOuLZmPazzLNc0AwZzz/osVc3HyScVCZTlK9wAA/v7deAzeTO1MQwQSyLbPOb8xrkia546Z00rhEY0XxOalrHur9J5lbJMxvL0UxvGmSBqCigr8DfsXH+UR1I5/8cv94fx8CXQNtoEMin9yKkcYv3G9t9uvQ3Th4sKaFg81SP8TLeuJgxYM//GgFCHQ7W5c0n9ocep5gQtimiwVsp/x7gFex+TvECIIJyxvYzdW2uV7/nWOF+q68VyWNmra9wQeyk3/5BWS/tk9Nc/tfI/6rTKOTZRYbxjRpZf01EnOTbaQ/5IUs9hRtzoyoIGztPoPINsSR8RdYoZx3J5A9z3bSbOtODB/EFzacZPw6+0hdW6F+LyYDFe3VT+XbI51Dbn9PYwdb48PLhkbha3N3MNt67mQ3yXEZxb/QDzPCkIV9mX2jBjV3cOS1rQ/hrtXXbaXA/vH2AM96AZruZO3+DppkZmNUfZ8xygiuQKiavnMSNnm6k+tDm2a6DluzqdxT5V5/iB2uXVmqd/xtBLtCtxhJ5a3tfhVkXKYPQsC9PpnM4Z/3tfRrfhifF+SH/VnzfXbFEkv2Aw947TuSBXJp0UZJY3aY/aZO8n/Y6onNnfM9OcJxiy3ItJ0rD1JQK5bIdEEiPVyfnrVRw1cOUbsV3LuKUE6qP1dfsDuHon7G13bLSBRTCxHzaeVgu3lrA6eMLAZC3shf31rgbrOHykfc88Wk96dInuD2cKL8WGSCo3wv466dDFFbpY3Yhjk2Qj2wBmE+YcnnZrzf3xTEwmf1d9ue2qbC6Nw8Hrdf+TOR+rHomYLCgcjIcMgiNr/g5D2K8AHBvyTaU0k8xGOAvmNacWz+JrLCKEoEqlWZcJ7Q1PsS78UT+LMxX2sNdR1Zw/CX0YbbSdr1harOLqAJXePjkM8fBl69W3aGLftjqSRRs0wtSZD/77xMB0Fc5RacWaJZLnvX6klY852TZB+UaSr8cfk0lY0CwjxRDXe9aMIdjKS7S7I2fwuM6XuPTNL1VQT1uzjptM8yZyj9KRzXGR72gmaV+m9ItZPn6rq9KYt5tReXWwB5q2gH5jrVWJFD+0M765RZ8YBoo3NK9u+aMY79FwFaNm+lnmuc4OhkkaYimmKaIsBeN74t9howgYYmAXbOeHALHCc6gECFL8OzZ+oOrt8Dzg/cJbrBW1aFKl7try54/Cv+wbRHl6QVJYFYv6UeIq0OkqGuFDgKv8SnmP/J6jTGoVeI2hMTPJVmFzZavFENnMoJx9pREF+/6LNnqRf5NNZhAab0m8ZwjRwFXRvivTUdB7TrRLAER6UX8uHU9nOSMe/Yi0ZFF3Sky+RoZZpZp/DDV3SDAX5uJcsGLqtYY9SSG0m8xn+PNJMM8phNU9gdfoweupLwIBdQc70RyYQhKMpjznVbjpGNW4gaZTfmBrzMlQoANs2JTcy6cX4oXEnGdZiRPrD5IK+RQr0scDcguEgf3Ux/Luxooei7lJBBaUhaJpWEQrrgICXXz3dSQtnXFm3xmdxqiULm60AMT9Zgw2hmF+/H0aAoVJRAqAwNfXYzs+1BDGNmVRWYy5/qOkD06lDGkmG9TE97w6epePusYBRFsQkMKtgqGWCek0gGcFqAJN7QNL1kIgd0jg7HAbt0hNGMDAIoVI30iyg4qL+2WKIHeEobR1uW/yE23L4albyWZctzhtUkrJXOQ4j7WUlGitPQ6wfvr//8R48Z6g32wJR4QpmhS72NOIBawK1rx4KbjHus3dd8Z6NPtlLys760TM3Yf9cAHe0cm//kyQAMzHKO2rTYszcB8YK2L3Vrid0U9Evvjk/b4Sl2oi4uJZaNKTAOzOCb5dAwwBHi+xnYL33Q9B/0ZsfI5ZgPasJEBW1agXzoq0WZL2TSpqmiLw/PwOAbddbUEeXtbT/OuiZhjjSjOHiONHtO+LMUiDgli68xjP0qBVKAbMDc+saxQ3/PmYYsQl9+/ImAm6xJmTff73bYK6dFw/UeXujCFL/TEncBjKl/kqw5nlUH6/BF6emOqZDX48iY46a4PdUY52M8qc/eXFO+w0I8APobBZlmJfUNu6LuU/9/xrbxkyGdg35E06ukapFq17R034a3n4pvBbdDevG78vwAtO/7zgDE/v+IA5R6f2m6wx45Zwe4OGoUL17UIRvxoB6gd4+QA3iH/oSrV8eomoKr5h60soAAAjhAAA=	{"mode": "defined", "type": "count", "count": 2, "metric": "f827704c-b785-401e-8d65-1bf43319f11e", "operator": ">=", "timeFrame": null, "validValues": [2]}
bfe4b313-8340-48d5-acf9-eec7fa887aee	Strafarbeit	Schreib unfreiwillig das Protokoll	data:image/webp;base64,UklGRpgOAABXRUJQVlA4IIwOAADQNQCdASpUAFQAPjEQhkKiIQ0em2IQAYJZgCpJxMGv895oFb/z/9j8yXY50N5iXLvnd/13qc8wTnX+Yz9kvWD9EX9y9QD9kutB9ADy5fZY/tX/dsVL8J4N+I70j+y/tb+Q3xL5J+qPUR+Xfc79T5p98fwr/t/UC9Yf630hPfe1JsX/x/UL9tvov/A/NXz3/670R+u3+19wD+Z/0n/N+mX+1/1XjefYP81/uPcA/nP9D/1H9y/KT6Z/6L/q/5r8yPbL9I/+P/C/5b5Bf5X/TP97/iPa79gP7O+x7+va71D8MLavI4H5+hvvwMyB+2+NtqCMk2931j1i2iDXeNCZGrJtEQ1+JZKYxjsuWla/T9QaNQ8DLAcU5zmSFQr7oy4J2ci1ZZOmSzZwjqYODETG3yfUadtmsAPBIRpfdx57pu7ymNGznVtqYxeBAg/XAekAmr2Q7nHRWxyQBrduS6mPhBfNs+R97AflAx2wq0gxzu+JYTEWlR5/mYXjAaDUMzaS350nZ7eLO5DNJalCNRG6369JEuyZFX9hSvT9YslWHL6/1sfL/e9ajmfAaXAM+5QRpbx3qi+2A8yAAP7+yd4p4bmmc1oGEQPnOU82bXxWjIctf+5v4gkfhQR+5JD703LQHjnb9W9jOAJO2zYAeAshZYLItA+He97vBBgQt//H//+FfKfws428atQIJgnv/Y//k1dV956P8zub5ZZ4f8JPuuQGZ0P9AZPmFLPgP2X/TgNHc0ISaBW2XmeaUDhDkkAa1rK+/udkv8yBMl5VqD4FcurFRO9o5iAVU8kt1M3htUd9oZHR6LKRfoYnYqaSbLLNvMF+gFV0mk1Srikb3Sh1jsiD8A4mNRHqZQjmXosc1KLM6VUM98lp2bRH1R1S62rQehc6PLgMkah6wGXWN8DCd+YwmYpPaO7pCl5aW7CjD2QprgkXngECYZQRyxx69EV7hfPrwcrw+DdK9+aecS9aG5K6n7+iOWz2lTqqKA4XkPs1JfXYxMx/WmtMiYIDy7dgueZ6vps73rYW7TXRdfTCr0vbU+dScOQ0wa/7nrCkHJ471xYQjHPPOMFViwN2pvD+E+3WMXeltdMg9+418g8Z43Lf+vq0vBoZUsBF60H9PmNTwvWwHMBSmmF862hG24b2uoXOrNWYl1Kw31EAuw4b7OQ2opU7D2Ge0gI0s72uQds0MTcOzYU6g//nlWnRcSnsqikoqcR+aI3CBaPUrRwcpazdTyK+Hhb718X5DSIp3MqFy2zApG5dgMqzMA/q+rGAiUGGaQUxv5EZWrLUJ6lUsM5lrreQDb4776/foI5zZq+uQxtK8Oh/3HEaD/4iw84gncweYu36vkBfNR+ydsQPlbmYJc4nvgxbz2DFJ+/7NQ6b8oPrFmRxk2bNf/0Mjg8js4OFD3wNOK8cFwLIGC8O1XJ+TSOMZ/Aw64VUhdg0cDWSqaTdWeUSz+q0MOXnTFQ+HyAL2JVn2wshKKD/eybMOEQfP/blraxJS+bDTyKxKo1HQG4CwPsAp+qT6AlSzHDO4AJQ+u09Qq/nAGCcYeuZKCtQiJhQJ53ANqhmW5rw9tdfWslJEWOqWnnX+95t1kTnujRwZQ5DkcqeSWZBa1nGUXu9Nj8dwoYjq/lkI9wwp9AsolFPUZe3N/HdsiZ8iJ+lLawLuQS+2g+pARBxqg0tbtWHW9OFoKQHMvXYLaz8w1uQ/z4JpBVS8O9DaV9VLa/wDiJEHfIlYV08dOIWaxoZrihBbZP/FB1ScZXZhHSU8ze0FsdY4IzStL6v5s33wVb/5NSAJZR/8k5/CP64HMLQ7H0vZLBEdyG2MFeNatEhWKNpwQuiVpl+pHJZF0xrxR064u8gFg2nEqLD1lmBZNY4GrALfjVIImKIr87Uw9MzhbyIAKneByJhEo68diyxe+53Ld7PEGDwLYNlBb6BplZPC+HDc5+g/vLVsZqK7JWfWXFeh7GqXk2g26hw14FNxcpJ5H0pdDZBp8FF3sM9X04/OHO6WaFgZnLDRojQJtAJbG0rdy8bGAA+EJMt6Jh3nDYG9nTqxLbXf0cKVv1mI2yteRIZprC1DeZgiuFD4IHGf73n/mrH0cDeQjfG1eoOW6nch30CsCPeXxbIP7B6Ji+t0K4/LNolygTBcRZivOvqmMxzdnUOEX4PN0Jp0a9/1G43xYSaPc/8G/irgAOSxim+sRnKNp0OtN1yf8I+chGY3Le2BWGbMNpBkH3e8fD0LvMUunvH8vbMs8m1icrPC69JLTlhCesPiSzyZHZLQhpGraJB7PVq4exk1UCn29CDJK1Rmb+dFKorWE3vKRCaJLAoQHIuTloU91FQtWdrKDq4EIJHYQoeqpz7ShWYa72daadxsFku1Y9Tea6h5XseFoyMFx1peG1NnkHtChjT43VWqbwlWvRxUsCFgKCifB7uS19rtAN0HRzbaEGJ5zqcaUS0MFvc/zhHZZm6DdTaRSzypDWIAvP/PwYvOwF5hTQjVFaVWCcV5VCfQO9p+rmMOwgVFHrdphlJC3R/26i+vMFNDIyxo46I/vnXAvasBeAu82zl66aYtF1BM0VKc6oR697dMhpWVrhEooxZEKmTaovXud/TaFFPAz6GKGAY/fzZOzaCvFN6AG3JbKLK8ra0ne2NqeKyaXR4e/53TpV3Qrk1ThNjaWbdsHCufcPFtq74OLIQdTBPdiaCp1sFk6JFbyfouJ5QtBqWJ3geJgUTiYzwsztLduhvfVu3mXeiYQ7YPoefrd9H5gZWzCkxa9utTvqKZP/fP7g75QoNX9btBBZw3vy+oBZStOY1eucToFVDlRpNYK76YuHbvZapWBWrBDuKKXArHABmXtGR2Wio94hmRX/XiDWk20l3uEBGkXmzx9+ICa8KHLmJAyKQLtQ4vCjJt5Nl//5A54dzAldWXjLjxPKaBUaGbNfPYtkrEuPEwo9/eEh6xcUDjBdnVMxfE7y5PX1LxGWL7wTg0Ve6M2DAFiRaQneGbIz/ty+1osy2fRAZvU35dsSijpT7MBUORCf1JLRNw40xOmAab+XtycTx+Tb4f2W9GvjJkmSxDkNYv/c/+U/LgUwL88zXO+W6usnGl06RB6YX7vE/qQUMpi4sZGTgNVoHsfGyjmnWT8XmmPg9fsjDhbu80R3fHAEXXsEYP/pU8W6jAkNA8u5ckNQZ2ESyaDB7KHNA1XFv2XF1zVXJN8kVg7PcqczLePYjBqXnal2AfQXfL0z6RLK1mLQvrh4WTKHGxIQk5SycuONBi+JIfBbJ0523LGFXDhXOcGF5MJll45mDfy4VjFLaYtqTHndBmj01wTrqyq1jXIpfYCHDg42WA+sem5bMvaon8BXC/AyDw8squj3MfEpzU17zrZ5NPPNfqLfcA7cMqrSd+MzTCQGvxOgV+sY4Cn1m7M6L4gtN4PjLU2Usi/w77dKspxPBiEuMaT74Pp7Wl9B8zalzCxYnegFZ1rFBARbiwB9Y9vBkM2u2DlnOs5Lt1wPvVlEppHxdAg/vExVLMcVVrIlbHniGTnS89QDUwDxtRtJIIOxFZLHKUIFa5Ig7nR0dZYjfld1XdEX7nAxTeYtSMpWOb8Mmz8VYgTxhD6+q9y7as4E3juISf28BG0rj8DDRvm0xZdTBR2Bq/1U+3/Kj9+eFOVjzMI3+xQW9EwN28oeQhm+I/X4v/tP2leynwX8c4tKqLbWDBLO8FlU56IHcZNPi3Kfrfn7kNZExB71UxD/7EfN+jo0slX68DRdnmvy5UknCQc9DmYo92tLwOJN00/h8j24G3VqqEJx0sLo7214DKZXfFU5xNzJtYoLvLskq7qsuDHpAGUF/W3RA3skS8ulmf4Azti2vj/Bq4b2N4esUmkKr1T2rqzr0fArFINEh2p72pZsn1sBPivsHwHmDkn7ykYUDh+UVVG6maSiL59/fo+EnMK8WWjiKDFVhjtn7q8tB3p8TMCPySYwqOzn6LGlkjgtrv2FCVUho0A05pY852YoTDJ4EmO0FUuZRg9ibnka1xEuj/CwmdCWAcnUcbySFxaWBnUERW8L702M9HXedc2FsTwMPFOuKGx3Yy9Wpmt7EXDiBXp3vwiG5/A9YJs8udAMFISbl4bk/LMm9+vaoJdqHrdwpQi6gvDY44kBUNPd7pepllde3Ot2LmbnuULadCcQUyin8HFGDGT3r7nBIaqG3SLS6C2LU8uUNYUK6Xpf2tb/hneFc5AofwTzQI+h/wgj9CJ7206eQ3hVxRa/6SSrDGd7iYnxEVoR3t6PtvqLABeYSElmmdMrEfq/Ir8CrxjBuPtqG8XzUYBTh/JmgJzw8OanH2KTADm3yNBSQf+kKLtCr3HVmrKKwDoaWI0b0I2t1mFNbQAzZEaSr0DZETIXWt7FgRV0xw6obf/Dzh6sM2vi4FvWZb4mPJ0/or4boMPD6fFDKzb7J289xaOstRG2rqjqSsin4hUizwShis0gYfhz84jMfbttP+pzMz/Ni3LNXZBMlS4hjKuCdvAHb1+QwiAwNinbFSTv47lhdhSI6rTxZ2T7gOKE9zhXKQvZBgDnq74j06FpgeTW1c1J33gRnYCS+GqW3Wrgz2+0pQylfgvYe2K3zFhLbDSjt5RlaX1YbAhf4cWGkuMWa366IF/QKVpU2DLB6BFGpsTYlK+RJp/E5itlvzfGiJw6e34bv9mIiYykegA0n3BXCl/iBZVtg5xhggjUIXvBIFwk3RHODvGxqDEQdiqL4T5nmy61ARX0ZxqGS9HHylnhvJ1jnmpHDB7AAodYfa8IJ+A9N9SV3DfpDGN11Wx+PJOPA0jSEiNodN2OIOySFwvWuXYPrHIaBgChWBvcrZieFwPAX6f8RYX7JRjplrorYP9o8fTdCpMoHimJ39ZqCKFFYsKyJxIlxv56REJY/rA3lkcLc71h6eB8fgrCcrZ/TT7/HWFZGD5+JUeNwh+Fp7YfhuNWhsGiUktaSi4sozuuvAAAA	{"mode": "defined", "type": "count", "count": 1, "metric": "c1e83405-7b21-4832-af71-27ed9717af9a", "operator": ">=", "timeFrame": null, "validValues": [2, 3]}
e61070d5-0430-4553-a6e3-e7866b2724b2	Buzzed-In	Schließe ein Quiz ab	data:image/webp;base64,UklGRkwGAABXRUJQVlA4IEAGAAAQHwCdASpUAFQAPjEWiUOiISERygZcIAMEsYBovABHa+J84u7P4DhuDedrHMB21/Ew6gHmb3Ijqc96C/af0Vay/0K+qZaZxX8d/A8bjoAXcVoP9svOs7ErLuq/gaHMNSmK+IzHaxHUszBktznTIxq1UvctWrvJ7AlqOgwdFqoeJXSGpfmP6n7UC/CiDZ1v3OvkgTgWemcbOPYGWwKHsoCFjoAAeU6MkgLy/c0McJaKNN9l9BJNk6T2LYOx5Q1dsghA/QCIiH5SWZQeu2rb3h7YoN5J/7+HkkSEPBez/DsdJB6WQ2XoQX0baIFbqUNp4VtRS/OnnBOWUqkS7faOhx32eAD+/0zOk7S5h0ozaGB3VZ/2igsx4AmEzPLl8/oy7bNWJw/o0N1kfrkB0HBrroVQ89+jm52ZOpmWz0sOmyY1qGTX7DJC88rPvD4BM+ech2pvfS5U6AcIxAp95eNX0OCzOJsr76y0RKWEgkDCQfhjn3Cn65hj9c4MF7l4hBvCmP852MDp0HDc5WuRkUpfECwD/xHbWWUM9NXOW5rYLcz6cZNWq17ihgMzYXu/UrmJ1Iqq5zew/3jtmyawL2mC7k6/ZlnIB7epXEZtADKeYSIiHPM9g2p7qzfcXvGThm1vLvKi8fiesgWGLTerpGMX2VouPBpdnXu3BIGwAmnNKU0D19hXyWz4JpNlmBaiSG9LhYgRYiW7LPpqhI8c0KT/IkOt6ZmNZ9TikpukrahV6sTbOqTd2K399nrZwrE6C5PtcrignqF/s+8ajRuLaPZyfwhJBw1b1f8ZuNnFJ0QdNK3Ey8L813sSxN4nWjN0TV9OqgZdNT//k+Qf/OWlVq/nlrf/zKiGanXcANrBgL2LKEQ+X80GSTTRZRcT30BJUikY1D6bhcJJqjOBz0xVXwQ0X2TuT/5Ft2FXv+afSH5FVno3UuqMu5fi9TQxpBg0eTGXT/pZUeO3XqcrcqdIo9mh08RPjyp7/DtNe+GvG3sudVWUNP/Ex/kUTAS/z7Ebk/MGpQTGgvsEEX74wnngmnpGiB0GnnacWw1s3aJi5t2h7mV3ZPh0Zeet2vC6h8JQ6Embgv/0hohQMD4dcLeJw4MsNx5xeAIlWm7ToFnzOnup3pfapeDqWuwr7hdwVxdEF8gDDH2R/tbQpjp/482H4LqLI+9xqshS8MeZMQ3X0LTIL3IS2QUGVPkec0wG0mgmSEJ94wNVFxv7qI0XaQ2RRwR/mYz7TGkwj/7P5dn2OsccwJcU2NPyxe2CriRr5vSrQL/0vCfwz7dGgkcWOCL//j6Ft/+SL7fyY1HzJl/7kuob7KKaYA7J4SJ+01G39D8rWbEM1r6ffn/x63EkZWls1X7vyzrELb2RKsI07cIcN4BYNOX0fhzRwLZ5Y/QbANLJIJ9s9Pie9A10Rh3sEXvPqDLDUyuAyEFLPM2BPRACUSqWfOLa+IfN1B9wtvPsXLEV2GZZ1tOSgjsb3JLYcKDQFPakMnAsroz/RAXtYv/Po24axiGZoEw9dq3OUKw/ychoHrLt0UTxynCL511jXdPIp9ZsGgK4Vat6kW5tGayAO3vv1Je/HjJYz/tJjrN1kIc1vFnWaa+siVkwwu3MFuidTDCHa8Owg1QE8Bh9Zer5tN83SW/U8A4cLqQd/9kJxaADFZ/7oC/+neJOUdEj5zPCq/mP6nn6XJ1dH5NAvwm3/rs7qfouMTOxKMmp0vRXvZPrDrqeXNeDlPua7tolf/Sw//MZ3Q5m3t87kLdT2s39TVdvDdfm7dJfIdx/AsuLquf9MW/8liZoa0/oVxNli4D8UWxY4ud+bjd9tA8/aWpP4feqdmyQjVtzd9s4CWnasYGtI0v09CJVrNtv9RS3/8ivUopvI16f/17/9LW/Y1BC1m8f+PUWms/bTfOvaq1hy0PxsymBCQyNwnJmVtmlqYPnosxt2fCPXUR7GE5hvohM8N8OAZrSr6A8Th8XqA0nkW4fspfR0w1EPQf9oPwiNwIOIqA6KRUjQilyLAghocUkKU2gN6CCGft0aG82HbvNLqrxlVD0NVBFiOj5SlKAL9m9vgmnHAAUsyLXtZPU6U5DoeGv2z90WZ/zyiQiIgEUZLret/1BrL2p6XAOI2Heo+DzfknVGkAA	{"mode": "feature", "value": 1, "feature": "quizzes", "powerup": null, "timeFrame": null}
f8042988-075c-41aa-aa5f-4fe4f1888bd6	I am the Buzzer	Schließe 3 Quizzes ab	data:image/webp;base64,UklGRgoSAABXRUJQVlA4IP4RAACQPwCdASpUAFQAPi0OhUKhhseYBgCxLYAWo2hQbvmPx09h2nv0b7w/ur/nucEmDy0eXv9J93Pwh/2HsV/Pf/O9wD9Pf8f+X3vFes39sfUP+uP+0/zvuo/6b1K/r7/s/cF/mX9X/+HYV/uH7An7E+mP+2nwR/1z/cftb8BP6//932AP/N6gGYE8FfxH5F+x/139lv67+zPPi6D/1XoH/JPt593/Ln80fjT/R+F/wK/pPUL/Ff5j/d/zA89Xb3aR/Tv+D/Y/YI9d/pP+w8KbUp7tf7j3AP5D/Qv8z/X/xx+Pf+B4TP2f/Bf733AP5T/P/9Z/ef3R/yv0n/xX/S/z3m4+ef+L/iP8Z8gn8o/of+z/u/+S/+P+e/////+5f1yftH7Fv6k/9Nq1vsLd374K/cp6KxtWo4eXKVh82Sfd5BpA+v68tc2WQblgNR+CMrlsab2FHtNudXKjeOTtpR9TED+GrIrSIqreMq66IKJ94xoDIWrFU06fQIG/pa80/4KLBaTrW2HBvobAnOWx8Ff1eAvMwqmDufTjdZ17rlxEiN84COMFRuVA3gm04rErQq4NpPGwO/7z/AJIUsokgJE3rC5/1kAjJAdPu86i3ey6fIyLMiziDflUGiLGchy9J8VqEX+HN86r3JiituDjGQMf0eS4g9djH1QGaYUq0g8bJLGxj/IVdWSAAP7//uQ6ivdxQaVgn8UYDBdEfS5fpoadDr+DsE5FCW1iNYynU+iwjslKXHJ4lqCRAagrwvqjLIBxqxc79+SE/UmW3+t5BNhK67XZsT8C755CUNSVPFc/qCjhNY205m+mBrAFNb/bZQ2Qs4CbVFp6m0bNaIlbAxekZJytK66S+cY9h661eVqbAFfrqnPLvb3Iunmk9eLVSW0+fNEgU9877rUGzP5un484271velWFDlTJ3U2oTvxeRNkfEZU937ak7yJekFA9V5g7uDt3qTt101tMJ9k8VblSBDLMYMWMNzBCpja1zVOU4KUdT8t4h/0EFDIL/NSJXjP7ZpxRC2NgdCH7IjZRwgXaPquy0fWehF+vNj0hTvP/N+9XE4L46Hf/SNknNtmncr2wQI1Ei4Yq+Jm8x4HS5tl+8UpONWxFEMbFxcYzYSCoaaPJWuOacWvx0OlhLWmJiqEzlvZU73cV39JGK9ek/n/R86KxyditqGcan+KTp99phSEa5V7CAOU9CKi0fp7KkI2D6LfdUDv4swExtpwLhc3JVf0+W1O+YvSYR62GxnhytiFmoqz0A+Cc4klBFuIBqY5gaZ4UVCbX1VPRPpAJSdJNO+zeQAGwazoK/tZGSghYr2ZeuiJ6uAsOidSs9e9wFXKwQK1ilJRPTNFcJyyitDNMiXVzj+BBkb8YtCz1rEJBW0wVOVWYgxNVvAwOz+LMcG5mbPbWxVYN4loKGUCnheA5VIfsC5nas+ebyksz5K8KkzKvU2h+Q2hVP+dvio91Dq9BKjhjbnWtaNIMXVCa4K7sKmmDe2O5e5SjCWhdwnjNRIoQdFee5DwR3P2ZfXKC6hsnmeigvFabLW+RRdl0e4sum7PrI6G7KNdaL+TtxyC/ZGH+inCWvFSB+DzmdJBpSNADnu9E/V1dje24o7e3CAuasv8mQpt+Cplpbh4RbHlOFqHy/dia31Q67DH6ptNN8dU8ROwxN4josGFKPDMVgnKDRv2XT3LMoJJ0NRaun0lC4pjU3pEPlwST/dg9fU2t5h9jJ7dPs2devWI2PF69TR/xvq809/4ssUMb5Obs/YTeKz8axc6AlW+TUFOHKLWWj3rh3bweVmYe5v59+oJPAYS40a5On/jwp0QqOPOZ4CCe7QiCU305v/1rmecrbrygcIf6bKyu/Fuui2DMRhgBgWCzcSZvnt7TySmz4ZDVZeuMoCUSEpgR29CWHJFjKG9VFuci0kdlDt5IAMkvkmRCRfCyZ5DffiqXZ4gTcvlHSo6m1a8JAk6r7sr3DxdVO3OQ87FRHXzLpbmz4ffsaQIz/FP//hqq7YmyxTzdRnPaX7/U4if0t9jExqTTv5jJ8FB8F6gZeHiPodQd9i8Aka4iQLuBERv6lfHYeaYLWN7zaV6O/MANELn4pBYCd6eTItx9fp5tdDPVLXDVL+7pI9xE1j0FAt1KwsmItmWr3eX/wCQEmgRTOYK+bEutTSIbi3/Va6W2uIZjkxCYEItkUN7xkgGa9fM5358ISvtP5AsbtLJLY52sYV60FFf4fA1lprc04VyO/zjepL9Yj7r8cVC7yAoOt02ZFrJVV2gMteGeEguMpQUTOUXFiFW4b0sPUq94fwtNPo7o6lrER2+5Hnk6CJ/6nrIgMj5L9StH/Xc38aoVoFcSsPr8PCpps9kUsB/AUwsEIOBIEJS0Pf81uDepsJecdAfMLUW3F3x0tQ2+CHOWW7tSOGBnOCmcuKjFFP/lWR+nPewqUlSAPlb/3SSUqUL9Ffm6Aye8DgnWJMTM0rpYVNn7UnuGTid6O5Uy2UnoFZ+cmTg2afgPiDqGOx5Ss8MQYMOn+lIko5bJJfc/Xw9ybXava3fOLKA0V/wXoZJqmNMXWgqw/xwVfPS1uh7LMzkkcyZ4P2szNom0f+c7n+PpZ8YMxfszNfHEGEeUf542AactTsLK9B7Kn/+725UUMbMJ6SjpV1t5GL7iXyAg9jgdRXkj8ymi4x15Je+K5J7+H5yTo2FYGNpbyie36Txh2+gbMgFfszWLMASqoWPSnoIeeZ3VygSuDEP3raKlW4YEF6neIFDBJX2dQQ7zyn4muE3z7VC0/c9uj4LUvXnEMggCQg7j6T4wxVyLcZJf/FVfMUvzOSz6qXNBkzX+Wi/diHHpFsteMk2xoSrALrvfaAW/HyYkWf6e2+3s5YmqKwtImkptUcGENHnms9u0KFgXnMCqVAEKmTpAchvv3OED/92e9nkgfozTZxgH4DQ0bgmOYslfCXcy3CDaqppzH9OpR3Gl9CdBABIVDx05LoOfHiehkF5gEVPmhnyClY86xiqn5qo/WxiVEnbuQrGboUPaiuo0lytP+k1NnvW8z4jYk5HsRjZrN1qR4E1zdV6jzAECUMfFhqOtMOlV8BQgu8ASxd+e+jCYTsl+1F6cwh1Ke3Lhko7aqkQ/qH382MWuZHGWFGUWFyhRJICnlBz52zZLd9IFrevljUm52nYdWqF7pEXIK8VTRkcghGmJfP8v09428CbEMTE2LNkHB47MOkSG1PzrCyKw+IiNWvRP+xcB29r8huLWLKS9vSz2Nscso6tOsF/Lh++3TuAf76aLrUuBIhIp+e8KEInNzVSu4xoNrFsaipKwXo07hQfs/0kyaQa4eOw+e9Qq3OwE5jU9VPx2cHhneT/usmTD6Z8oxPYO+JHWPK+UDyED7v7NeuR8fnisOsUv4p/rNz+/7d93vY8gGN4xJN97zFOLpamA3ly8pjx8if4jdaF9mZY8uHglFWliZ+5jXyGtH50xE6/ZUJdPywnORrUFXBmqBHld0X4i9R5USHnu0YduEkr5Q1v+EpUzifgKuWs4K5YEPwAL3MNfP/K5Z5aePMXP49rE/sJCSxQnihTU9h/CnAB+Hhtex54q1NsD85J/fW2JlDfsWvDK1gGCDTSw3SWsw0lkP83wqjXunvOVOLwC36aqux02l4Qg/Jn8PVRHLw9jmxz7Lm1GpZH9usdl80p9/7342XQGwHJXvT9CFqw1rXPD88mBzgbkZe6x3LcJznmZbktEDq7AXAy8mQWGy02IX6J+QWEmw9jdbTtb0gMcbLyMgNt4D1ZzZQQxWgkZ/F9WLkLH30+0ui8emW5f//Zvug0sWPT2wpG+jfNJb7Iewy+FYGDdgTuPipCxEaY1odizC2C9yFXKzCPdKAUjRv5XFX57+Biq1rIddEbpiyik81UDsg23c9qcPBdjeq1DEuIz3OWZQ6axBhyMADXh4On1z11n8Us5/pt4SREAU58xfWCrYVEP9sTXYOYBAOIs843QTzJtSYpq4oyQhIS9jCE/Tf8pDyPA3/tpBI9/7pzqb5Y4f6GsDrGAlj4N9oelYUauz7C7xl3QvGJn5BK7COHkdVclWVMdxljG8M7ZkA1I/qA5DCyNPDTndLH87Pb7wu5AF6NDRB3uiJeKMZ8kBa3S7tRaykO1VFJVERwr6zwkrvZ5t60ZzRDbzt+yDlKoIlN2Xn2NlmjQ4zbYdnfbMoV57d8JcH4+cHVshYWhYH5px5hlDmLjK6HA8Si+XW8hGw7ccVPOULRcWBB5w4WjbJWR1outZrMIwUjyWe8Hoyoqm4A+3mpdNZJInzpHD68TB6UMrhRvSnwk5NvbM71PDV3ztWR2nDWhZlTuDOVsQjEYFUQ8hGmnPjcU/OeH5Wx9QCeQcx2x+1LQ0Uh8pyleRL014ifHhJqzcFawNJ61gAUEuRkuDn/uen7DMVbnk8IYv/OhXyKys16ZwhXpkHMqRGv9baSK/fYOmc95/3V6WnZBKLkFEv1QHZx3o9KGFNm+zkV28lWUUcqG266s0ED3lQhNR/ieu+XgU8er0MK92Yr6o7lS4KEFG178ig1QDz/wKYfxPBDwlQCQOibuYnfX+5Lx/vw5TQoHxg6nSK4cxjz1WLb8ZmJ0Y481IqmVM3KGQP+Zqjc+wWLlf5yZ69clmw4fFS2KZkGJ8Ia1b48DmrVyoZBh/YDkgvaoa2BFMm9WsG6yWXEvo1+WoYZ4a4wBNHYvISBSjj/HaJ+d7nV9lycpwSfcjQRca1BHO2aBZF1yXar14RdhbP9KuCI4duhBYN2lYabUCtkBnQ/HR3tFe7lzU3DuZPeYu5P3K0kkjecCeEWx7B+/Eebh/Ln+WWycx9vyOgqlP4+55HDlSggvq6UdBubh1uJmC56bpFa8vzKxCaCLfR4XG5+QTKyf55/GohaRyj8FyncG2rCVt7c8tvdu/d2JjeNaIgweZ6feHqAc1Jw1VZeibhDDpX2t53wYgcuYPE3+0w4E5a10e/mq5OhV166r8w7mQ7SjPImGYj52hefVjJVQKo9PO2Jf74FPHTPlFZdSvNzZCJdMcYqYE+xORxh3PyngE4IBo+VKVX5LaT3hw1rcqZzZc4nfXhSd0Y2Oqv7OTDd77YZhJYnoBONW/4Ltum/pr5H2IGWWOizrt0/SAIIdNU7OcxAzXbJDEmu6HkFchbWsUTBw/YkNM/7OyrEbbaNZjG7wmZMGAmVNk0opm5AWG49T4w4rUGX6/JtlssL2uXMQUyCHmd+TBEiSCIOxKROInvOSJeiAj84bve2FF46E78bN+eqZFnB8lD/JGJQPMSictxGMOIsxhYNhfUdhBFqc/BRappCax7TDvSLI7fulfN6btsu3TjNmLw+OI4vaUOBCZ7ut8UaCik3ZiJw7vG3CHaDYF/2Ss2bPRCrx9XMBLUEBjGYXYg8IN0OO3XCvHddbOFTqqD52ze5Gvu1q0jbpf7VE7Smcasr6P7hJaTpZ4uUaBTbdQG16tFJ7Tm4q5HzBkthP+gAysum6j/KhMGwqV3LwW0BA5Nn8tWdYc1guq1IosaApbzQFKQoujpCqmzOtOrM07qqR70EDD8rey9qyb544RNvbh38EfB0obhxX0NUs3ZOIcthBrK2g/r/w4PvPxneHI0Izk/Ph+v7Zyu9mvT8LIPFPlOYeoSxp42h/0BdWjHlQ6TuOR3kRrX3OidESOYXEfxesADYkZ9lW/qr0mgn8YuyrvB5JRcmJRS6Me4qCUx8OWknNnqs2XMNJbm8iITld1mKl4AxmkmuAvU0uMU0dXEqmyVwDe5p8DCvCABDlE5sfi4PY5dRBbC4CMtGqxtPug5rS8Vd778bm2CwTNIfKKDqQO/NvATW5wzYH9Pb9QIBL28M5+KJMn6wT6EboaZf4CpHL4L0TNOW9I2wfPqcAtzf2Nvf4T6W4RBQlaCCjc5vplRT4wqlJEesHYPUPjVBX3hhDVHEaKG/Uv8QJQoade0XvsgA1pp4CvdCofTsupeFHz2rj0xIcOSKenQ4WrLTCxSrzp0C3wVzXkaACkQSJLqcRsasGArTx3i2Yt2cg121mchE75mhTeWMrRmoBnopxWRhHGlQwqCHYxQVtS6Jw2fVjuyBuTBH7BVSMEDApNkLBpVpBvJ88/sKajsNkHq8uhgOkHNIjTV2FdFcB7WKgAAAA	{"mode": "feature", "value": 3, "feature": "quizzes", "powerup": null, "timeFrame": null}
114c0914-f9d5-414e-ad71-735358b340b9	Buzz Lightyear	Schließe 5 Quizzes ab	data:image/webp;base64,UklGRiIOAABXRUJQVlA4WAoAAAAQAAAAUwAAUwAAQUxQSDQDAAABoHVrjyFRH9CbDM75bNu2bdu2bdu2jSvbtm3btmYqycVU1XSlOyImAFXfMDYATLALA8C9fCAG6Rs1/Z9Q12MnwuC0V6326G/fXbvwNCu3AIwjNvg9AVSHBaZBdFlVMzMV6gITBIvqRNi+3yN3dBWiC4glf3iMRS3dUjMhbz9QpCWW1rFYLPNfM7ODnI3sIDqGZpiJDS3s6wxESa2szuKKFozhhUL2D3lqAwA/39t8dC3UZ0+nMDCxmNnDpXQCT5cCj6p51J09bTWRmtMfHPEzal6V3PBf5jf4+doc67xexlNPdrMTVnP9lQ/umZlpUNF/XQi5eNHM+mvPRmjxgy4Ce5hRzexyuhUAqQvtOCAxM5MRCzMAJzM6aEdCm+YA5jKfNznAHmpmvwIrEv50ouwAj4uGkQDvyOoFLmnCkQAw5oxego8kv2le53R0pKib3Rxh/eDmUk8kbm73xMHNM57wvhtlT6e6CW0PxDGWxtj0AAsqNIA7vBiXesui/800QMHJmyjd7kdMjwCAEVJKXlMN5x9djCVmOi4AfFBKaYwNOijP/ydMCURdKaPzwyeFjO0XEREr+yOcjpCUmVppYSek5vlGREe97pV9qTF0k8jUYmYyfwm8pKoR+V+KmRIAEhuUGUpg7FE26mvof9FGu1/MNgNwp8WFSwAgEAHAWL9Kqd+BliRMqEwm4ZtQRhmPWOaZTgDQUt9riXXWtVwhNwBo61+1KlPJsjM8AZhH81RTwwby9akl/zvhkWdOwkpakW7piiU1OwZJKrK3PNGzmggcwR5akbQcLWFJXQJxClWxH+5lUALPVaOHw++8mlBGpgyjaqYvwC/1LXkjch8ZQsYdd43NRoNnSd2URSFDb1+T4D6khHLQSf2LOrKmFNltieg1qOW5lu5xFjTyHdWiFVI6O7JZBpRRS5YMzsNeInIJoZ5/WQaGbXcZNR1bCtSXfrUmkgaiV615+G9toBssX6l+az/z74uhYc5Qq7B2u1mlyvVqSRPhu0aaXKtp1wwHahV2cN3w9XAa5NDa0ffD6LrMqD/tr0NMh2a8PU+oIbCH5gQ05sh+xsPNge4fCUGT0tT9WKsGVlA4IMgKAADwLwCdASpUAFQAPjEUh0MiIQqvqtQQAYJYgDS27jQm0Q/K+QDuZ6A8nzm3x8eof7sfcA5x3mA/aD9cvae9Sv9y9QD+d/2j//9gb6AH7T+mr+2fwWftf+4PwG/r7//84A/gH4Qd8v9m/DnzT7+nij2R/qPr64l+d3Mt9j/vv9Q/c7+v/sVzz8AL8d/k3+L8JvYr5//U/QC9gPo/+c8A3Uv74f5z3AP4//Pf8H+Y3vH/lPBv70/y33AfYB/LP6r/m/7v+MH0ifv3/J/uXmg/Ov7V/v/7x/jP2P+wL+Pfz//Sf3D/Hf+T/N///6jvXf+0XsTfqWzPFBahdfLwnq0UZzexmozBf3nCDqfyv+EFGxixMDgXv1NBPDwmY0OiHCxF3rt2UNn4+4nuf7gjUNzZCBdUf1pSmLgGt3laFQ/a+bEu3VEsNjbUPBfIxtfeH+OII3KMyqLdTMDz9kQMNdIbLFpDuOorFFt/nQQhO1O7A1bIhcewCpFXNSXlvOVBvedTH/L6755EXu4IAAD+/V96j/SASR5m+GW5XHx5YIv3dQsDk/YGKFV/6gy3sJHq4wOwzQh5tnJrMKgbzyWUdz+nydU1SlaR98U+64z7T8sGKWRUgqHuZXyTfhCwQTd0rrGWDJbSZy+tR8YF+Z9paHtOYIbEcl1+cqmY2Pt7BpIX9k1j7LbWYJs0XnverJkjZ8FfzTL2kTNL08Iv916xrLwuIZHUDxDlykZFiOLWCG8veqixtjKCXbeaRyPtDyTlW3By3uUsGwUz0D2IkIs+Um/m2Ze2N07axvE4GoEO8016MILC/8QH3Sf0wJ9KZBR61bCjUxpeKLqIx8d4VBwlYuMd/jCZPAeltBZRCKEv1JqiakHOrx3f8F+ubgFZam0WoHRazU//ZC3fPfnVcjxzGHOqQ0rkEQTBqIodosbyh9IpuKGD3ZZlMvTdmtkt7yIQGAaSXQBt55bx6Cwzd5SazFGiC0lMP4ijD7ZrLa9qfx2zo9pRDsktectmG5g8BWCHAQcG3NoMWTl8t5kTUxBf1hoDTHgvQc34tL7ZYOJQjc1f/wFSIWNRCOf+CM4FHCAjqgnUiXemr4Euf+4f2+IWabLHKEKGE6gCf3gp9yrQv8MW0SSlLwv7QD7d/E9UFpbu/xzWLraSw+bPg//dS7BkLotWkua3EFsbZfRjE33Yof297VGQx9w1Ogsbkxxhb82h5wp5lL+5nb7cSLsoWwf2BUWSuWNyQJxomhFaOHnXjk/LG4d68Nr2BqSwNXH69oiIybY6L13VSNM1ScNwGR6D8OXzzqHghxBm1XJpoDwX+HJ6mrUvehDirsYkhgOHzteO9iehc7f+RQE6FDF3QaWgxjj0SgMwkKbTibSVPcklgiuV0tzVYzYUIkOawhWd4Nt8TIuc5ZMipA2qZxre+K8Sue8I3Kl8ZEPxhUPMyvNdwama7hcvf5rNOfL503qDEIhrUZf6RlQf90hxQRB2Ada4c22f9TKPYEI6Vms3XgJt8V3kS2s4fG+jUn6HSFjxqNvZJKkYVETRq/DPOz2sBqCMC4W3KuH9HCNSPXmGf3uL5bjP7QiXrct25DD3ngvGAIu4fONmPGVB9fxfJdH3Jdc4HU3h3qMsv9MZjmKYGW7BOKXY5n58lOL/leZYz7AUHkQx51pAuXzEEavrKTpQ2rXDsH3A/sXpnjktiFgGVM81Q1CRCKs8PYpCuH2orSPXsYdy8IRKVXSWMv6FZWg9zPe3turTRiW+dc9mqAPuUIeYf78kdpYiePqz2wet01UK/BOfanlQz/Lx0Gp/lVxwDI4ibvNsIhFt4URTRux2UYKUJf3nl98Vm12rglVFC0Rh+GomreO/U7lQzCnlf5EuVaCdDnsH3A98iwDewgBy1rIPs6eiZ9gGkYm1D/OxpSp2LP2h6gRfgOaLWtmhN9xiPlsyxP/kDwoiAKrDS37miLDxPn+yJ302fSJghUuU/MYP0QerTfvk3vvpi0/bd3FWHSZComy9719PCoPC1MhpqXnGZb8DsE9VsOOJZOVLNNW5Ahb060l0uKuxmPMzGzhye/dNNU9FMHgPvDW6VjWzOFXxPjNXMxCqGO1R/1AXFlq+/FypUqGUwTDrt4qUcv8Vi3F9UrDjTA+1uMZG6Nsh3eGE0jvVFkV1pPnmtzC5Ig2Wdhfds4dFdDMAsaM9ezmfirDE4uwEEpvVTEOwIk1VStXBcohhv/ZJi/5FLiweDhhPmsqLtiBKF3MaSflVd/UaR3asfms+SGwt5a8DL8JsgifXaggdCIo+LguV+sfrjTt5DUv8Dw8uWc5QJEyz43wGtLBQ0GT+GI2+EhOfFHzuCDbLUhm29xx0dLxhZFPiEpdOGePGTMjuBPsOHBkmqhPwHgfZEZDx6sohYoeR05boTJ9YbKX7k5jk5nn0/zVNC7iPLh7SSqwEZCa9iQLp7EvQjjdahTBTPt6peCLR4EvY/+IzyLcAMEn8esFbGKOqftHqrmHu8BCrniLXen9Gm7adabvlorggzLeZ9UIsVYdyBhlhHTiIkuB9NuyGVSeIKU/ztddct4zCoEqSsT5k5gln8FOUjHVor3h90Ws8uCjseEUPEQmgaCpdTm+DCmtVjxPeHAzUHlv0sbeZ9eoAwGuSvdJx4ufJQVr1W9oU8N/hfbHvI0nJr/l9DWoG/MBa/bSx9LrNoNkESG07tdFb9KWFF80Q3ahmnYlDw4j9mQv6ROn/y6jDrByMtgTBW2tP4nwE16t5W05YFKiM1HU9CJu6APuEDJL6xkJbHh1/R9w5cOyJ4qurASqgDRpBuaOg5pNspqiAETR5QJDgfSYjciIvkK/evW7e1IFdAv+b4Lf3ETgDakmDaiSPUgTAZYu9Zv3ggEVXdVKVJC6pn0l2OiNtuNrpCCtiEDPDZUTtb8rK/hFUYO+/t+mqLet09K1lxEsgsUiUGlOASkr7GoFh5m+KrqrvLNzvMwuVSmLoR0mo2uff83gbCppwselLjo6ybNQXWImaCrDq14NKk6gwgbD2a95MOhCJLJXOVdozutJegk8Nl7GoqIpHHsu+6rC5WfSTo340mgiIFUfEbz/w7ym2YT7duS6vxmQBS4IXNV5zdDJzieZ6IgrBUW6/p637Tz4MHMw5W3/KCIMMYcr7Bv7E1+yReVjX+XYNy8Jvi8GJigYig48sLqJp6oP/tq6QM8U0j91IJQQ9bg/9WXEgvJUVagUYXuItJYLcf+WXGsXHd3+3GEV/KRPhZ7YJuXNaAJkZKC3EbDdj+Hfq/wogxDeC+/v43c52opAGcEPuxz19iGZd15y/63mTNupzzIBbon1lag9jQhdhPVJ2qPvr7i6ZWIOoStVoS26pl0z/niPOVd/1qL4v4xckOD9KOFwkHgDmukS+5t6xYuFmDWKqu7CUJ4oK+nwTtHytxmbors9gyN8nWTMIF+GWnMFBhtMPQ8KkDuewE3Gv6E1bxJpqoEjmCUBhx2gE7ib0vSD78j9IUYMOPLtEuGC7A/IKzdxu65JNaz27wbN5IcWmyR6ZaF92BcPU+NI9UIIJWlWEz8RT0SoDgAjf+/ztfXi3/CUPqAiGYH03OLqWLGFOxlOx5gtgqZi1FXXDd6S4jJm1vp/IPicnz5chCyZOeX3kdzpo8SkoIsLL6sH73vcyOb4x+r98R/vB53W9rzHPEpkRHAAAAAA=	{"mode": "feature", "value": 5, "feature": "quizzes", "powerup": null, "timeFrame": null}
\.

COPY public.guild_meetings (id, "timestamp") FROM stdin;
f210da9e-ccfa-4190-84dd-79b10bd0f9a0	2026-05-20 12:30:00+00
4707a7b9-6c48-490d-a8a4-e7e52f49a97f	2026-07-15 12:30:00+00
817c7224-b0e1-42f7-8544-bcf20e1b57eb	2026-09-09 12:30:00+00
d6a2cf71-4cae-4064-abd5-551f0c875079	2026-06-17 12:30:00+00
e928fed3-ed55-4b75-b00b-fac9c49ba17a	2026-08-12 12:30:00+00
3f174e19-d6f9-406f-a0d2-274167489296	2026-12-02 12:30:00+00
9aa7bb0a-6cbe-485b-8d47-36c3e441197e	2026-10-07 12:30:00+00
6af3c57d-70f5-455d-afb2-0b777b88d7c8	2026-11-04 12:30:00+00
\.

COPY public.performance_metrics (id, short_name, question, type, enum_possibilities, points, timestamp_added) FROM stdin;
8c341d1b-66a3-47b9-86ee-5856490c8bfd	Arbeitsgruppen	Hast du zwischen dem Gildentreff am [date] und dem Gildentreff davor, aktiv in mindestens eines Arbeitsgruppe mitgearbeitet?	0	Nein;Ja	0;10	2026-05-04 10:49:25.10562+00
5d1776f5-976f-4652-85f9-7eef65a4820b	Vorträge	Hast du am Gildentreff am [date] einen Vortrag gehalten? Womöglich sogar mehrere? Ô.o	1	\N	50	2026-05-04 10:52:38.593069+00
2ddf3c1a-47c7-40d6-b7bb-3821fac46bf6	Today We Learned	Hast du zwischen dem Gildentreff am [date] und dem Gildentreff davor TWL Beiträge gepostet? Wenn ja wie viele?	1	\N	10	2026-05-04 10:51:02.505712+00
f827704c-b785-401e-8d65-1bf43319f11e	Protokoll	Hast du am Gildentreff am [date] das Protokoll geführt?	0	Nein;Ja, frewillig;Ja, gezwungen;Ja, geschenkt bekommen	0;20;15;25	2026-05-04 10:53:26.8885+00
c1e83405-7b21-4832-af71-27ed9717af9a	Moderation	Hast du den Gildentreff am [date] moderiert?	0	Nein;Ja, freiwillig;Ja, gezwungen;Ja, geschenkt bekommen	0;35;30;40	2026-05-04 10:54:05.520674+00
40f2096a-ded4-44de-b51e-b7951a2f7c33	Anwesenheit	Hast du am Gildentreff am [date] teilgenommen?	0	Nein;Ja, vor Ort;Ja, online	0;10;5	2026-05-04 10:43:49.356441+00
\.

COPY public.feature_config (id, "timestamp", modifying_user, point_system_enabled, point_system_config, individual_leaderboard_enabled, individual_leaderboard_config, team_leaderboard_enabled, team_leaderboard_config, level_system_enabled, level_system_config, badges_enabled, badges_config, cooperative_progress_bar_enabled, cooperative_progress_bar_config, quests_enabled, quests_config, streaks_enabled, streaks_config, minigames_enabled, minigames_config, powerups_enabled, powerups_config, home_page_path) FROM stdin;
3f16416a-93e6-483a-bc53-4f6c7403d3fe	2026-05-04 10:45:23.495604+00	f1dab5d6-1a46-411a-bfc2-9812d56e1336	t	[]	t	[{"id": "start-date", "value": "2026-01-01"}, {"id": "show-dashboard", "value": true}]	t	[{"id": "start-date", "value": "2026-01-01"}, {"id": "aggregation", "value": "average"}]	t	[{"id": "first-level-points", "value": 100}, {"id": "level-multiplier", "value": 1}]	t	[]	t	[{"id": "cooperative-progress-bar-title", "value": "Gildenstammtisch"}, {"id": "start-date", "value": "2026-01-05"}, {"id": "aggregation", "value": "sum"}, {"id": "goal-points", "value": 2000}]	t	[]	t	[{"id": "performance-metric", "value": "40f2096a-ded4-44de-b51e-b7951a2f7c33"}, {"id": "valid-values", "value": [1, 2]}]	t	[{"id": "role-raffle", "value": true}, {"id": "one-time-doing-raffle", "value": true}]	t	[{"id": "small-point-multiplicator", "value": true}, {"id": "small-point-multiplicator-frequency", "value": 5}, {"id": "small-point-multiplicator-multiplicator", "value": 1.2}, {"id": "medium-point-multiplicator", "value": true}, {"id": "medium-point-multiplicator-frequency", "value": 2}, {"id": "medium-point-multiplicator-multiplicator", "value": 1.5}, {"id": "large-point-multiplicator", "value": true}, {"id": "large-point-multiplicator-frequency", "value": 1}, {"id": "large-point-multiplicator-multiplicator", "value": 2}, {"id": "streak-freeze", "value": true}, {"id": "streak-freeze-frequency", "value": 10}, {"id": "streak-freeze-automatic-apply-timeout", "value": 72}, {"id": "role-present", "value": true}, {"id": "role-present-frequency", "value": 2}, {"id": "role-shield", "value": true}, {"id": "role-shield-frequency", "value": 5}]	\N
1f4161a9-23fb-4528-a481-974261d32e7c	2026-05-04 11:44:38.796617+00	f1dab5d6-1a46-411a-bfc2-9812d56e1336	t	[]	t	[{"id": "start-date", "value": "2026-01-01"}, {"id": "show-dashboard", "value": true}]	t	[{"id": "start-date", "value": "2026-01-01"}, {"id": "aggregation", "value": "average"}]	t	[{"id": "first-level-points", "value": 100}, {"id": "level-multiplier", "value": 1}]	t	[]	t	[{"id": "cooperative-progress-bar-title", "value": "Gildenstammtisch"}, {"id": "start-date", "value": "2026-01-05"}, {"id": "aggregation", "value": "sum"}, {"id": "goal-points", "value": 1000}]	t	[]	t	[{"id": "performance-metric", "value": "40f2096a-ded4-44de-b51e-b7951a2f7c33"}, {"id": "valid-values", "value": [1, 2]}]	t	[{"id": "role-raffle", "value": true}, {"id": "one-time-doing-raffle", "value": true}]	t	[{"id": "small-point-multiplicator", "value": true}, {"id": "small-point-multiplicator-frequency", "value": 5}, {"id": "small-point-multiplicator-multiplicator", "value": 1.2}, {"id": "medium-point-multiplicator", "value": true}, {"id": "medium-point-multiplicator-frequency", "value": 2}, {"id": "medium-point-multiplicator-multiplicator", "value": 1.5}, {"id": "large-point-multiplicator", "value": true}, {"id": "large-point-multiplicator-frequency", "value": 1}, {"id": "large-point-multiplicator-multiplicator", "value": 2}, {"id": "streak-freeze", "value": true}, {"id": "streak-freeze-frequency", "value": 10}, {"id": "streak-freeze-automatic-apply-timeout", "value": 72}, {"id": "role-present", "value": true}, {"id": "role-present-frequency", "value": 2}, {"id": "role-shield", "value": true}, {"id": "role-shield-frequency", "value": 5}]	\N
a8123d27-ff5d-4235-8697-007146af3397	2026-05-04 12:07:44.067122+00	f1dab5d6-1a46-411a-bfc2-9812d56e1336	t	[]	t	[{"id": "start-date", "value": "2026-01-01"}, {"id": "show-dashboard", "value": true}]	t	[{"id": "start-date", "value": "2026-01-01"}, {"id": "aggregation", "value": "average"}]	t	[{"id": "first-level-points", "value": 100}, {"id": "level-multiplier", "value": 1}]	t	[]	t	[{"id": "cooperative-progress-bar-title", "value": "Gildenstammtisch"}, {"id": "start-date", "value": "2026-01-05"}, {"id": "aggregation", "value": "sum"}, {"id": "goal-points", "value": 2000}]	t	[]	t	[{"id": "performance-metric", "value": "40f2096a-ded4-44de-b51e-b7951a2f7c33"}, {"id": "valid-values", "value": [1, 2]}]	t	[{"id": "role-raffle", "value": true}, {"id": "one-time-doing-raffle", "value": true}]	t	[{"id": "small-point-multiplicator", "value": true}, {"id": "small-point-multiplicator-frequency", "value": 5}, {"id": "small-point-multiplicator-multiplicator", "value": 1.2}, {"id": "medium-point-multiplicator", "value": true}, {"id": "medium-point-multiplicator-frequency", "value": 2}, {"id": "medium-point-multiplicator-multiplicator", "value": 1.5}, {"id": "large-point-multiplicator", "value": true}, {"id": "large-point-multiplicator-frequency", "value": 1}, {"id": "large-point-multiplicator-multiplicator", "value": 2}, {"id": "streak-freeze", "value": true}, {"id": "streak-freeze-frequency", "value": 10}, {"id": "streak-freeze-automatic-apply-timeout", "value": 72}, {"id": "role-present", "value": true}, {"id": "role-present-frequency", "value": 2}, {"id": "role-shield", "value": true}, {"id": "role-shield-frequency", "value": 5}]	leaderboard/individual
285e5ff8-4848-4bd9-9577-a78d1dbd1cea	2026-05-05 09:04:18.853146+00	f1dab5d6-1a46-411a-bfc2-9812d56e1336	t	[]	t	[{"id": "start-date", "value": "2026-01-01"}, {"id": "show-dashboard", "value": true}]	t	[{"id": "start-date", "value": "2026-01-01"}, {"id": "aggregation", "value": "average"}]	t	[{"id": "first-level-points", "value": 100}, {"id": "level-multiplier", "value": 1}]	t	[]	t	[{"id": "cooperative-progress-bar-title", "value": "Gildenstammtisch"}, {"id": "start-date", "value": "2026-01-05"}, {"id": "aggregation", "value": "sum"}, {"id": "goal-points", "value": 1000}]	t	[]	t	[{"id": "performance-metric", "value": "40f2096a-ded4-44de-b51e-b7951a2f7c33"}, {"id": "valid-values", "value": [1, 2]}]	t	[{"id": "role-raffle", "value": true}, {"id": "one-time-doing-raffle", "value": true}]	t	[{"id": "small-point-multiplicator", "value": true}, {"id": "small-point-multiplicator-frequency", "value": 5}, {"id": "small-point-multiplicator-multiplicator", "value": 1.2}, {"id": "medium-point-multiplicator", "value": true}, {"id": "medium-point-multiplicator-frequency", "value": 2}, {"id": "medium-point-multiplicator-multiplicator", "value": 1.5}, {"id": "large-point-multiplicator", "value": true}, {"id": "large-point-multiplicator-frequency", "value": 1}, {"id": "large-point-multiplicator-multiplicator", "value": 2}, {"id": "streak-freeze", "value": true}, {"id": "streak-freeze-frequency", "value": 10}, {"id": "streak-freeze-automatic-apply-timeout", "value": 72}, {"id": "role-present", "value": true}, {"id": "role-present-frequency", "value": 2}, {"id": "role-shield", "value": true}, {"id": "role-shield-frequency", "value": 5}]	leaderboard/individual
\.

COPY public.quizzes (id, modified_by, modified_at, title, valid_from, valid_to, points, data) FROM stdin;
b4b1ad6a-5e59-4ea8-9de9-22180d310db3	b1291e45-4242-43f7-8e3b-079b5ce09d7b	2026-06-30 12:00:00+00	General Knowledge	2026-06-30 08:00:00+00	2027-06-30 08:00:00+00	5	[{"type":"enum","question":"What is the capital of France?","answerPossibilities":["Berlin","Madrid","Paris","Rome"],"correctAnswerIndex":2},{"type":"number","question":"How many continents are there on Earth?","correctAnswer":7},{"type":"enum","question":"Which planet is known as the Red Planet?","answerPossibilities":["Venus","Mars","Jupiter","Saturn"],"correctAnswerIndex":1},{"type":"enum","question":"What is the largest ocean on Earth?","answerPossibilities":["Atlantic Ocean","Indian Ocean","Arctic Ocean","Pacific Ocean"],"correctAnswerIndex":3},{"type":"number","question":"In which year did humans first land on the Moon?","correctAnswer":1969}]
fb0b975d-8da6-4664-b91b-f497f7cab9d3	b1291e45-4242-43f7-8e3b-079b5ce09d7b	2026-06-30 12:00:00+00	Java Basics	2026-06-30 08:00:00+00	2027-06-30 08:00:00+00	5	[{"type":"enum","question":"Which keyword is used to create a subclass in Java?","answerPossibilities":["implements","extends","inherits","super"],"correctAnswerIndex":1},{"type":"enum","question":"What is the default value of a boolean instance variable in Java?","answerPossibilities":["true","false","null","0"],"correctAnswerIndex":1},{"type":"enum","question":"Which method is the entry point of a standalone Java application?","answerPossibilities":["start()","run()","main()","init()"],"correctAnswerIndex":2},{"type":"number","question":"How many bits does a Java 'int' occupy?","correctAnswer":32},{"type":"enum","question":"Which collection interface does not allow duplicate elements?","answerPossibilities":["List","Set","Queue","Deque"],"correctAnswerIndex":1}]
\.

COPY public.activated_streak_freezes (user_id, meeting_id, "timestamp") FROM stdin;
27674ab5-bf83-4940-bfef-70999cd95abd	d6a2cf71-4cae-4064-abd5-551f0c875079	2026-06-22 14:38:12.678261+00
\.

COPY public.manual_points (id, user_id, points, reason, "timestamp") FROM stdin;
537a62d9-dd27-4029-9260-f963d7750550	d97f84ba-1d2f-4e32-9d40-6e28f38d80b6	10	Catena-X Quiz Erstellung	2026-05-19 07:05:12.435152+00
87c461f8-6d88-47d7-8b83-22d1211a19b9	7a211c78-8837-4e84-86ff-4853f63ba356	5	Gamification Evaluations Umfrage	2026-06-23 07:25:57.108483+00
38517ff7-5d2c-4340-83db-3c344a4d7e33	c1fb4537-aafb-4690-b0d0-762d2f052088	5	Gamification Evaluations Umfrage	2026-06-23 07:26:14.702295+00
aac077c3-5f0d-44f4-a8f7-f1a1225d5869	5b2fcc00-eb67-4bb6-8d14-955510d0508b	5	Gamification Evaluations Umfrage	2026-06-23 02:35:37.26251+00
cc832ef5-9cab-4e17-9cf2-d7187d784dfd	914b48d1-a852-4c24-9176-7f5ac3758710	5	Gamification Evaluations Umfrage	2026-06-23 07:27:50.016895+00
64ea9ec1-7489-4016-9879-e7fefa88cb27	764d8f44-d8f0-4173-b794-304685da62bc	5	Gamification Evaluations Umfrage	2026-06-23 07:28:08.571528+00
c5c72f30-07de-4329-93bf-2b6a8f85a540	bf8a2467-d9df-49b9-9397-59e72b9c64cf	5	Gamification Evaluations Umfrage	2026-06-23 07:28:17.932806+00
97d1e65e-4e87-4a59-aa12-777b1d6aa4e6	d97f84ba-1d2f-4e32-9d40-6e28f38d80b6	5	Gamification Evaluations Umfrage	2026-06-23 07:28:33.984909+00
daf2600f-c55f-4da2-b5ee-6ddddcecc846	89333b50-be49-4626-987e-8c598fc5a76c	5	Gamification Evaluations Umfrage	2026-06-23 11:27:07.720193+00
e9ea5274-4f89-4d85-bbce-92c5797850b6	9634435c-ab0f-4f48-8f0d-9dbd43347921	5	Gamification Evaluations Umfrage	2026-06-24 07:03:46.660351+00
516462cf-22a3-4101-8e80-b88797c85fda	cfa91a77-261c-489a-8e1e-fca22a03a92f	5	Gamification Evaluations Umfrage	2026-06-25 07:36:01.401731+00
\.

COPY public.powerup_utilization (id, meeting_id, user_id, powerup, settings, usage_timestamp) FROM stdin;
2c3fe839-5201-4aa5-9758-e851b7202c84	f210da9e-ccfa-4190-84dd-79b10bd0f9a0	f1dab5d6-1a46-411a-bfc2-9812d56e1336	medium-point-multiplicator	\N	2026-05-18 15:28:42.859442+00
3e561528-8476-4e38-b1fa-5c5c886a1e1d	f210da9e-ccfa-4190-84dd-79b10bd0f9a0	bf8a2467-d9df-49b9-9397-59e72b9c64cf	small-point-multiplicator	\N	2026-05-19 07:44:23.375574+00
c0000000-0000-0000-0000-000000000001	f210da9e-ccfa-4190-84dd-79b10bd0f9a0	d397c9db-5347-451c-a872-6e31f83874f9	role-shield	\N	2026-05-18 12:30:00+00
c0000000-0000-0000-0000-000000000101	f210da9e-ccfa-4190-84dd-79b10bd0f9a0	b1291e45-4242-43f7-8e3b-079b5ce09d7b	role-present	{"receivingUserId":"d397c9db-5347-451c-a872-6e31f83874f9","comment":"You may want to write the protocol. Just for showcase.","anonymous":false}	2026-05-19 12:30:00+00
c0000000-0000-0000-0000-000000000002	4707a7b9-6c48-490d-a8a4-e7e52f49a97f	d397c9db-5347-451c-a872-6e31f83874f9	role-shield	\N	2026-07-13 12:30:00+00
c0000000-0000-0000-0000-000000000102	4707a7b9-6c48-490d-a8a4-e7e52f49a97f	b1291e45-4242-43f7-8e3b-079b5ce09d7b	role-present	{"receivingUserId":"d397c9db-5347-451c-a872-6e31f83874f9","comment":"You may want to write the protocol. Just for showcase.","anonymous":false}	2026-07-14 12:30:00+00
c0000000-0000-0000-0000-000000000003	817c7224-b0e1-42f7-8544-bcf20e1b57eb	d397c9db-5347-451c-a872-6e31f83874f9	role-shield	\N	2026-09-07 12:30:00+00
c0000000-0000-0000-0000-000000000103	817c7224-b0e1-42f7-8544-bcf20e1b57eb	b1291e45-4242-43f7-8e3b-079b5ce09d7b	role-present	{"receivingUserId":"d397c9db-5347-451c-a872-6e31f83874f9","comment":"You may want to write the protocol. Just for showcase.","anonymous":false}	2026-09-08 12:30:00+00
c0000000-0000-0000-0000-000000000004	d6a2cf71-4cae-4064-abd5-551f0c875079	d397c9db-5347-451c-a872-6e31f83874f9	role-shield	\N	2026-06-15 12:30:00+00
c0000000-0000-0000-0000-000000000104	d6a2cf71-4cae-4064-abd5-551f0c875079	b1291e45-4242-43f7-8e3b-079b5ce09d7b	role-present	{"receivingUserId":"d397c9db-5347-451c-a872-6e31f83874f9","comment":"You may want to write the protocol. Just for showcase.","anonymous":false}	2026-06-16 12:30:00+00
c0000000-0000-0000-0000-000000000005	e928fed3-ed55-4b75-b00b-fac9c49ba17a	d397c9db-5347-451c-a872-6e31f83874f9	role-shield	\N	2026-08-10 12:30:00+00
c0000000-0000-0000-0000-000000000105	e928fed3-ed55-4b75-b00b-fac9c49ba17a	b1291e45-4242-43f7-8e3b-079b5ce09d7b	role-present	{"receivingUserId":"d397c9db-5347-451c-a872-6e31f83874f9","comment":"You may want to write the protocol. Just for showcase.","anonymous":false}	2026-08-11 12:30:00+00
c0000000-0000-0000-0000-000000000006	3f174e19-d6f9-406f-a0d2-274167489296	d397c9db-5347-451c-a872-6e31f83874f9	role-shield	\N	2026-11-30 12:30:00+00
c0000000-0000-0000-0000-000000000106	3f174e19-d6f9-406f-a0d2-274167489296	b1291e45-4242-43f7-8e3b-079b5ce09d7b	role-present	{"receivingUserId":"d397c9db-5347-451c-a872-6e31f83874f9","comment":"You may want to write the protocol. Just for showcase.","anonymous":false}	2026-12-01 12:30:00+00
c0000000-0000-0000-0000-000000000007	9aa7bb0a-6cbe-485b-8d47-36c3e441197e	d397c9db-5347-451c-a872-6e31f83874f9	role-shield	\N	2026-10-05 12:30:00+00
c0000000-0000-0000-0000-000000000107	9aa7bb0a-6cbe-485b-8d47-36c3e441197e	b1291e45-4242-43f7-8e3b-079b5ce09d7b	role-present	{"receivingUserId":"d397c9db-5347-451c-a872-6e31f83874f9","comment":"You may want to write the protocol. Just for showcase.","anonymous":false}	2026-10-06 12:30:00+00
c0000000-0000-0000-0000-000000000008	6af3c57d-70f5-455d-afb2-0b777b88d7c8	d397c9db-5347-451c-a872-6e31f83874f9	role-shield	\N	2026-11-02 12:30:00+00
c0000000-0000-0000-0000-000000000108	6af3c57d-70f5-455d-afb2-0b777b88d7c8	b1291e45-4242-43f7-8e3b-079b5ce09d7b	role-present	{"receivingUserId":"d397c9db-5347-451c-a872-6e31f83874f9","comment":"You may want to write the protocol. Just for showcase.","anonymous":false}	2026-11-03 12:30:00+00
\.

COPY public.rules (id, "timestamp", language_code, content) FROM stdin;
a54fc519-b066-4b05-a62b-65793e6abc8a	2026-05-04 10:57:52.085357+00	de	Hallo! Hier wird bald eine saubere Regel-Dokumentation entstehen. Mein AIssistent arbeitet bereits fleißig daran!
773a32a7-bb10-4c2c-b7fe-01fc70e94383	2026-05-04 10:58:02.416241+00	de	Hallo! Hier wird bald eine saubere Regel-Dokumentation entstehen. Mein **AI**ssistent arbeitet bereits fleißig daran!
8903d41d-3a68-4b02-88a7-f213f380b7cf	2026-05-04 11:29:21.26789+00	de	# Regeln\n\nHallo! Hier wird bald eine saubere Regel-Dokumentation entstehen. Mein **AI**ssistent arbeitet bereits fleißig daran!
120426c8-3f0d-44e7-b647-35ac8357927e	2026-05-11 13:53:12.827875+00	de	# Regeln & Informationen zur Gamification der Entwicklergilde\n\n## Allgemeines\n\nDie Teilnahme an der Gamification sowie die Nutzung der App sind vollständig freiwillig.  \nNiemand ist verpflichtet, sich zu registrieren oder aktiv an den Gamification-Elementen teilzunehmen.\n\nFalls ihr später nicht mehr teilnehmen möchtet, kontaktiert bitte die Gamification-AG zur Löschung eures Accounts.\n\nDie Gamification soll die Entwicklergilde spielerisch unterstützen, zur Beteiligung motivieren und den gemeinsamen Austausch fördern.  \nDamit das funktioniert, basiert das System auf Fairness, gegenseitigem Vertrauen und eigenverantwortlicher Punkte-Eintragung.\n\nBitte tragt ausschließlich tatsächlich erbrachte Leistungen ein und verzichtet darauf, das System bewusst auszunutzen oder zu umgehen.\n\n---\n\n## Punkte-System\n\nFür verschiedene Aktivitäten innerhalb der Entwicklergilde können Punkte gesammelt werden.\n\n| Aktivität                                              | Punkte |\n|--------------------------------------------------------|-------:|\n| Anwesenheit vor Ort                                    |     10 |\n| Anwesenheit online                                     |      5 |\n| Protokoll schreiben (Rollen-Verlosung)                 |     15 |\n| Protokoll schreiben (freiwillig)                       |     20 |\n| Protokoll schreiben (Role-Present)                     |     25 |\n| Gildenmoderation (Rollen-Verlosung)                    |     30 |\n| Gildenmoderation (freiwillig)                          |     35 |\n| Gildenmoderation (Role-Present)                        |     40 |\n| Today We Learned-Beitrag (pro Beitrag)                 |     10 |\n| Vortrag halten (pro Vortrag)                           |     50 |\n| Arbeitsgruppenteilnahme                                |     10 |\n\n### Zusatzpunkte\n\nFür besondere Beiträge oder organisatorische Aufgaben können zusätzliche Punkte vergeben werden, beispielsweise für:\n\n- Organisation eines Gildenstammtischs\n- Gewinn eines Gildenstammtisch-Spiels\n- Unterstützung organisatorischer Aufgaben\n- Besondere Beiträge zur Entwicklergilde\n\nDie Vergabe solcher Bonuspunkte soll fair und nachvollziehbar bleiben und ist nicht auf die genannten Beispiele beschränkt.\n\n### Quizzes\n\nNach Vorträgen oder Präsentationen können Quizzes erstellt werden, um Inhalte spielerisch zu wiederholen.\n\nSowohl für das Erstellen als auch für die Teilnahme an Quizzes können Punkte vergeben werden.  \nDie jeweilige Punktzahl wird direkt beim Quiz angegeben.\n\n---\n\n## Individuelles Leaderboard\n\nIm individuellen Leaderboard werden die gesammelten Punkte aller Mitspielenden angezeigt.\n\nDie Person auf Platz 1 des Leaderboards zum Stichtag **16.12.2026** darf auf Kosten von SSC an einem zweitägigen Weiterbildungs- oder Community-Event teilnehmen.\n\nDabei gilt:\n\n- Das Event sollte fachlichen oder arbeitsbezogenen Bezug haben.\n- Die finale Entscheidung über Genehmigung und Art des Events liegt bei People & Development.\n- Ein Anspruch auf ein bestimmtes Event besteht nicht.\n\n---\n\n## PowerUps & weitere Mechaniken\n\nZusätzlich zum Punktesystem existieren verschiedene PowerUps und weitere spielerische Mechaniken.\n\nDiese können beispielsweise Einfluss auf Rollenvergaben oder Punktesituationen haben.\n\nAußerdem gibt es einen gemeinsamen Fortschrittsbalken.  \nDurch gemeinsames Sammeln von Punkten kann der nächste Gildenstammtisch freigeschaltet werden.\n\n---\n\n## Vergabe von Protokoll & Gildenmoderation\n\n### Protokoll\n\nFalls sich bis zum Beginn eines Gildentreffs niemand freiwillig für das Protokoll meldet, wird die Aufgabe zufällig ausgelost.\n\n### Gildenmoderation\n\nAm Ende jedes Gildentreffs wird die Moderation für den nächsten Termin ausgelost, sofern sich niemand freiwillig meldet.\n\nDas Konzept lebt davon, dass ausgeloste Rollen möglichst auch übernommen werden. Natürlich kann es dabei jederzeit berechtigte Ausnahmen geben.\n\n---\n\n## Abschließender Hinweis\n\nDie Gamification-AG behält sich vor, Regeln, Punktwerte oder Mechaniken bei Bedarf anzupassen oder zu erweitern, um das Konzept langfristig fair, sinnvoll und unterhaltsam zu halten.
e10c5773-e525-42d1-af6c-671ba9ecde88	2026-05-11 14:28:45.967679+00	de	# Regeln & Informationen zur Gamification der Entwicklergilde\n\n## Allgemeines\n\nDie Teilnahme an der Gamification sowie die Nutzung der App sind vollständig freiwillig.  \nNiemand ist verpflichtet, sich zu registrieren oder aktiv an den Gamification-Elementen teilzunehmen.\n\nFalls ihr später nicht mehr teilnehmen möchtet, kontaktiert bitte die Gamification-AG zur Löschung eures Accounts.\n\nDie Gamification soll die Entwicklergilde spielerisch unterstützen, zur Beteiligung motivieren und den gemeinsamen Austausch fördern.  \nDamit das funktioniert, basiert das System auf Fairness, gegenseitigem Vertrauen und eigenverantwortlicher Punkte-Eintragung.\n\nBitte tragt ausschließlich tatsächlich erbrachte Leistungen ein und verzichtet darauf, das System bewusst auszunutzen oder zu umgehen.\n\n---\n\n## Punkte-System\n\nFür verschiedene Aktivitäten innerhalb der Entwicklergilde können Punkte gesammelt werden.\n\n| Aktivität                                              | Punkte |\n|--------------------------------------------------------|-------:|\n| Anwesenheit vor Ort                                    |     10 |\n| Anwesenheit online                                     |      5 |\n| Protokoll schreiben (Rollen-Verlosung)                 |     15 |\n| Protokoll schreiben (freiwillig)                       |     20 |\n| Protokoll schreiben (Role-Present)                     |     25 |\n| Gildenmoderation (Rollen-Verlosung)                    |     30 |\n| Gildenmoderation (freiwillig)                          |     35 |\n| Gildenmoderation (Role-Present)                        |     40 |\n| Today We Learned-Beitrag (pro Beitrag)                 |     10 |\n| Vortrag halten (pro Vortrag)                           |     50 |\n| Arbeitsgruppenteilnahme                                |     10 |\n\n### Zusatzpunkte\n\nFür besondere Beiträge oder organisatorische Aufgaben können zusätzliche Punkte vergeben werden, beispielsweise für:\n\n- Organisation eines Gildenstammtischs\n- Gewinn eines Gildenstammtisch-Spiels\n- Unterstützung organisatorischer Aufgaben\n- Besondere Beiträge zur Entwicklergilde\n\nDie Vergabe solcher Bonuspunkte soll fair und nachvollziehbar bleiben und ist nicht auf die genannten Beispiele beschränkt.\n\n### Quizzes\n\nNach Vorträgen oder Präsentationen können Quizzes erstellt werden, um Inhalte spielerisch zu wiederholen.\n\nSowohl für das Erstellen als auch für die Teilnahme an Quizzes können Punkte vergeben werden.  \nDie jeweilige Punktzahl wird direkt beim Quiz angegeben.\n\n---\n\n## Individuelles Leaderboard\n\nIm individuellen Leaderboard werden die gesammelten Punkte aller Mitspielenden angezeigt.\n\nDie Person auf Platz 1 des Leaderboards zum Stichtag **16.12.2026** darf auf Kosten von SSC an einem zweitägigen Weiterbildungs- oder Community-Event teilnehmen.\n\nDabei gilt:\n\n- Das Event sollte fachlichen oder arbeitsbezogenen Bezug haben.\n- Die finale Entscheidung über Genehmigung und Art des Events liegt bei People & Development.\n- Ein Anspruch auf ein bestimmtes Event besteht nicht.\n- Sollten sich mehrere Personen auf Platz 1 befinden, wird das Budget unter ihnen aufgeteilt (bei 2 bekommt jeder einen Tag)\n\n---\n\n## PowerUps & weitere Mechaniken\n\nZusätzlich zum Punktesystem existieren verschiedene PowerUps und weitere spielerische Mechaniken.\n\nDiese können beispielsweise Einfluss auf Rollenvergaben oder Punktesituationen haben.\n\nAußerdem gibt es einen gemeinsamen Fortschrittsbalken.  \nDurch gemeinsames Sammeln von Punkten kann der nächste Gildenstammtisch freigeschaltet werden.\n\n---\n\n## Vergabe von Protokoll & Gildenmoderation\n\n### Protokoll\n\nFalls sich bis zum Beginn eines Gildentreffs niemand freiwillig für das Protokoll meldet, wird die Aufgabe zufällig ausgelost.\n\n### Gildenmoderation\n\nAm Ende jedes Gildentreffs wird die Moderation für den nächsten Termin ausgelost, sofern sich niemand freiwillig meldet.\n\nDas Konzept lebt davon, dass ausgeloste Rollen möglichst auch übernommen werden. Natürlich kann es dabei jederzeit berechtigte Ausnahmen geben.\n\n---\n\n## Abschließender Hinweis\n\nDie Gamification-AG behält sich vor, Regeln, Punktwerte oder Mechaniken bei Bedarf anzupassen oder zu erweitern, um das Konzept langfristig fair, sinnvoll und unterhaltsam zu halten.
3e505424-efc0-49da-95a0-825de5c727ac	2026-05-12 07:20:02.773024+00	de	# Regeln & Informationen zur Gamification der Entwicklergilde\n\n## Allgemeines\n\nDie Teilnahme an der Gamification sowie die Nutzung der App sind vollständig freiwillig.  \nNiemand ist verpflichtet, sich zu registrieren oder aktiv an den Gamification-Elementen teilzunehmen.\n\nFalls ihr später nicht mehr teilnehmen möchtet, kontaktiert bitte die Gamification-AG zur Löschung eures Accounts.\n\nDie Gamification soll die Entwicklergilde spielerisch unterstützen, zur Beteiligung motivieren und den gemeinsamen Austausch fördern.  \nDamit das funktioniert, basiert das System auf Fairness, gegenseitigem Vertrauen und eigenverantwortlicher Punkte-Eintragung.\n\nBitte tragt ausschließlich tatsächlich erbrachte Leistungen ein und verzichtet darauf, das System bewusst auszunutzen oder zu umgehen.\n\n---\n\n## Punkte-System\n\nFür verschiedene Aktivitäten innerhalb der Entwicklergilde können Punkte gesammelt werden.\n\n| Aktivität                                              | Punkte |\n|--------------------------------------------------------|-------:|\n| Anwesenheit vor Ort                                    |     10 |\n| Anwesenheit online                                     |      5 |\n| Protokoll schreiben (Rollen-Verlosung)                 |     15 |\n| Protokoll schreiben (freiwillig)                       |     20 |\n| Protokoll schreiben (Role-Present)                     |     25 |\n| Gildenmoderation (Rollen-Verlosung)                    |     30 |\n| Gildenmoderation (freiwillig)                          |     35 |\n| Gildenmoderation (Role-Present)                        |     40 |\n| Today We Learned-Beitrag (pro Beitrag)                 |     10 |\n| Vortrag halten (pro Vortrag)                           |     50 |\n| Arbeitsgruppenteilnahme                                |     10 |\n\n### Zusatzpunkte\n\nFür besondere Beiträge oder organisatorische Aufgaben können zusätzliche Punkte vergeben werden, beispielsweise für:\n\n- Organisation eines Gildenstammtischs\n- Gewinn eines Gildenstammtisch-Spiels\n- Unterstützung organisatorischer Aufgaben\n- Besondere Beiträge zur Entwicklergilde\n\nDie Vergabe solcher Bonuspunkte soll fair und nachvollziehbar bleiben und ist nicht auf die genannten Beispiele beschränkt.\n\n### Quizzes\n\nNach Vorträgen oder Präsentationen können Quizzes erstellt werden, um Inhalte spielerisch zu wiederholen.\n\nSowohl für das Erstellen als auch für die Teilnahme an Quizzes können Punkte vergeben werden.  \nDie jeweilige Punktzahl wird direkt beim Quiz angegeben.\n\nWir werden mal mit folgenden Punktwerten für Quizzes starten:\n- 10 Punkte fürs Erstellen eines Quizzes\n- 5 Punkte fürs die (erstmalige) Teilnahme an einem Quiz\n\n---\n\n## Individuelles Leaderboard\n\nIm individuellen Leaderboard werden die gesammelten Punkte aller Mitspielenden angezeigt.\n\nDie Person auf Platz 1 des Leaderboards zum Stichtag **16.12.2026** darf auf Kosten von SSC an einem zweitägigen Weiterbildungs- oder Community-Event teilnehmen.\n\nDabei gilt:\n\n- Das Event sollte fachlichen oder arbeitsbezogenen Bezug haben.\n- Die finale Entscheidung über Genehmigung und Art des Events liegt bei People & Development.\n- Ein Anspruch auf ein bestimmtes Event besteht nicht.\n- Sollten sich mehrere Personen auf Platz 1 befinden, wird das Budget unter ihnen aufgeteilt (bei 2 bekommt jeder einen Tag)\n\n---\n\n## PowerUps & weitere Mechaniken\n\nZusätzlich zum Punktesystem existieren verschiedene PowerUps und weitere spielerische Mechaniken.\n\nDiese können beispielsweise Einfluss auf Rollenvergaben oder Punktesituationen haben.\n\nAußerdem gibt es einen gemeinsamen Fortschrittsbalken.  \nDurch gemeinsames Sammeln von Punkten kann der nächste Gildenstammtisch freigeschaltet werden.\n\n---\n\n## Vergabe von Protokoll & Gildenmoderation\n\n### Protokoll\n\nFalls sich bis zum Beginn eines Gildentreffs niemand freiwillig für das Protokoll meldet, wird die Aufgabe zufällig ausgelost.\n\n### Gildenmoderation\n\nAm Ende jedes Gildentreffs wird die Moderation für den nächsten Termin ausgelost, sofern sich niemand freiwillig meldet.\n\nDas Konzept lebt davon, dass ausgeloste Rollen möglichst auch übernommen werden. Natürlich kann es dabei jederzeit berechtigte Ausnahmen geben.\n\n---\n\n## Abschließender Hinweis\n\nDie Gamification-AG behält sich vor, Regeln, Punktwerte oder Mechaniken bei Bedarf anzupassen oder zu erweitern, um das Konzept langfristig fair, sinnvoll und unterhaltsam zu halten.
\.

COPY public.tracked_contributions (id, user_id, meeting_id, modified_at, data) FROM stdin;
5a988453-a7a1-49ec-b844-66adf93e6518	d97f84ba-1d2f-4e32-9d40-6e28f38d80b6	f210da9e-ccfa-4190-84dd-79b10bd0f9a0	2026-05-20 13:07:07.174+00	[{"id": "40f2096a-ded4-44de-b51e-b7951a2f7c33", "value": 1}, {"id": "8c341d1b-66a3-47b9-86ee-5856490c8bfd", "value": 0}, {"id": "2ddf3c1a-47c7-40d6-b7bb-3821fac46bf6", "value": 0}, {"id": "5d1776f5-976f-4652-85f9-7eef65a4820b", "value": 0}, {"id": "f827704c-b785-401e-8d65-1bf43319f11e", "value": 0}, {"id": "c1e83405-7b21-4832-af71-27ed9717af9a", "value": 0}]
b9713acf-cdc5-461c-b241-720374944052	7320e846-88e8-4647-be9c-e3d79619025e	f210da9e-ccfa-4190-84dd-79b10bd0f9a0	2026-05-20 12:36:09.629+00	[{"id": "40f2096a-ded4-44de-b51e-b7951a2f7c33", "value": 2}, {"id": "8c341d1b-66a3-47b9-86ee-5856490c8bfd", "value": 0}, {"id": "2ddf3c1a-47c7-40d6-b7bb-3821fac46bf6", "value": 0}, {"id": "5d1776f5-976f-4652-85f9-7eef65a4820b", "value": 0}, {"id": "f827704c-b785-401e-8d65-1bf43319f11e", "value": 0}, {"id": "c1e83405-7b21-4832-af71-27ed9717af9a", "value": 0}]
7539fdaf-4dbf-457f-a1dc-25e51df20d12	eb4aa5f1-f303-4e75-80a6-72bd408ed372	f210da9e-ccfa-4190-84dd-79b10bd0f9a0	2026-05-20 12:39:11.722+00	[{"id": "40f2096a-ded4-44de-b51e-b7951a2f7c33", "value": 1}, {"id": "8c341d1b-66a3-47b9-86ee-5856490c8bfd", "value": 0}, {"id": "2ddf3c1a-47c7-40d6-b7bb-3821fac46bf6", "value": 1}, {"id": "5d1776f5-976f-4652-85f9-7eef65a4820b", "value": 0}, {"id": "f827704c-b785-401e-8d65-1bf43319f11e", "value": 0}, {"id": "c1e83405-7b21-4832-af71-27ed9717af9a", "value": 0}]
3e54e346-78a9-45a3-b1be-6d4484596227	cfa91a77-261c-489a-8e1e-fca22a03a92f	f210da9e-ccfa-4190-84dd-79b10bd0f9a0	2026-05-20 12:40:51.034+00	[{"id": "40f2096a-ded4-44de-b51e-b7951a2f7c33", "value": 1}, {"id": "8c341d1b-66a3-47b9-86ee-5856490c8bfd", "value": 1}, {"id": "2ddf3c1a-47c7-40d6-b7bb-3821fac46bf6", "value": 0}, {"id": "5d1776f5-976f-4652-85f9-7eef65a4820b", "value": 0}, {"id": "f827704c-b785-401e-8d65-1bf43319f11e", "value": 0}, {"id": "c1e83405-7b21-4832-af71-27ed9717af9a", "value": 0}]
7a5d5463-a108-4399-bc40-5659452c9b5a	eeff60c3-03cf-4496-8a73-d27149a2aa53	f210da9e-ccfa-4190-84dd-79b10bd0f9a0	2026-05-20 12:54:53.66+00	[{"id": "40f2096a-ded4-44de-b51e-b7951a2f7c33", "value": 1}, {"id": "8c341d1b-66a3-47b9-86ee-5856490c8bfd", "value": 0}, {"id": "2ddf3c1a-47c7-40d6-b7bb-3821fac46bf6", "value": 0}, {"id": "5d1776f5-976f-4652-85f9-7eef65a4820b", "value": 0}, {"id": "f827704c-b785-401e-8d65-1bf43319f11e", "value": 0}, {"id": "c1e83405-7b21-4832-af71-27ed9717af9a", "value": 0}]
fafbfd32-f8e6-4803-8102-d72fbb0a3d67	27674ab5-bf83-4940-bfef-70999cd95abd	f210da9e-ccfa-4190-84dd-79b10bd0f9a0	2026-05-20 12:56:04.275+00	[{"id": "40f2096a-ded4-44de-b51e-b7951a2f7c33", "value": 1}, {"id": "8c341d1b-66a3-47b9-86ee-5856490c8bfd", "value": 0}, {"id": "2ddf3c1a-47c7-40d6-b7bb-3821fac46bf6", "value": 0}, {"id": "5d1776f5-976f-4652-85f9-7eef65a4820b", "value": 0}, {"id": "f827704c-b785-401e-8d65-1bf43319f11e", "value": 0}, {"id": "c1e83405-7b21-4832-af71-27ed9717af9a", "value": 0}]
97b24f65-18c9-42f1-a95f-87035ade9a29	556ced4c-fb1f-43ba-81de-691b83702593	f210da9e-ccfa-4190-84dd-79b10bd0f9a0	2026-05-20 13:01:11.285+00	[{"id": "40f2096a-ded4-44de-b51e-b7951a2f7c33", "value": 2}, {"id": "8c341d1b-66a3-47b9-86ee-5856490c8bfd", "value": 0}, {"id": "2ddf3c1a-47c7-40d6-b7bb-3821fac46bf6", "value": 0}, {"id": "5d1776f5-976f-4652-85f9-7eef65a4820b", "value": 0}, {"id": "f827704c-b785-401e-8d65-1bf43319f11e", "value": 2}, {"id": "c1e83405-7b21-4832-af71-27ed9717af9a", "value": 0}]
731fa4ca-f633-4973-8bda-345360f0cbaf	914b48d1-a852-4c24-9176-7f5ac3758710	f210da9e-ccfa-4190-84dd-79b10bd0f9a0	2026-05-20 13:01:17.995+00	[{"id": "40f2096a-ded4-44de-b51e-b7951a2f7c33", "value": 1}, {"id": "8c341d1b-66a3-47b9-86ee-5856490c8bfd", "value": 0}, {"id": "2ddf3c1a-47c7-40d6-b7bb-3821fac46bf6", "value": 0}, {"id": "5d1776f5-976f-4652-85f9-7eef65a4820b", "value": 0}, {"id": "f827704c-b785-401e-8d65-1bf43319f11e", "value": 0}, {"id": "c1e83405-7b21-4832-af71-27ed9717af9a", "value": 0}]
c2ebf1d2-5d03-467c-9acd-993775525228	89333b50-be49-4626-987e-8c598fc5a76c	f210da9e-ccfa-4190-84dd-79b10bd0f9a0	2026-05-20 13:01:21.359+00	[{"id": "40f2096a-ded4-44de-b51e-b7951a2f7c33", "value": 2}, {"id": "8c341d1b-66a3-47b9-86ee-5856490c8bfd", "value": 1}, {"id": "2ddf3c1a-47c7-40d6-b7bb-3821fac46bf6", "value": 0}, {"id": "5d1776f5-976f-4652-85f9-7eef65a4820b", "value": 0}, {"id": "f827704c-b785-401e-8d65-1bf43319f11e", "value": 0}, {"id": "c1e83405-7b21-4832-af71-27ed9717af9a", "value": 0}]
23f1ad63-d0c2-4287-870d-a289a7cf55c6	7a211c78-8837-4e84-86ff-4853f63ba356	f210da9e-ccfa-4190-84dd-79b10bd0f9a0	2026-05-20 13:03:35.035+00	[{"id": "40f2096a-ded4-44de-b51e-b7951a2f7c33", "value": 1}, {"id": "8c341d1b-66a3-47b9-86ee-5856490c8bfd", "value": 1}, {"id": "2ddf3c1a-47c7-40d6-b7bb-3821fac46bf6", "value": 0}, {"id": "5d1776f5-976f-4652-85f9-7eef65a4820b", "value": 0}, {"id": "f827704c-b785-401e-8d65-1bf43319f11e", "value": 0}, {"id": "c1e83405-7b21-4832-af71-27ed9717af9a", "value": 0}]
f40bed80-9519-4842-a4e0-239e3ff20559	bf8a2467-d9df-49b9-9397-59e72b9c64cf	f210da9e-ccfa-4190-84dd-79b10bd0f9a0	2026-05-20 13:06:42.035+00	[{"id": "40f2096a-ded4-44de-b51e-b7951a2f7c33", "value": 1}, {"id": "8c341d1b-66a3-47b9-86ee-5856490c8bfd", "value": 1}, {"id": "2ddf3c1a-47c7-40d6-b7bb-3821fac46bf6", "value": 0}, {"id": "5d1776f5-976f-4652-85f9-7eef65a4820b", "value": 0}, {"id": "f827704c-b785-401e-8d65-1bf43319f11e", "value": 0}, {"id": "c1e83405-7b21-4832-af71-27ed9717af9a", "value": 0}]
720d6e79-d872-4d05-8f85-7fdee81d1bce	9634435c-ab0f-4f48-8f0d-9dbd43347921	f210da9e-ccfa-4190-84dd-79b10bd0f9a0	2026-05-20 13:08:19.942+00	[{"id": "40f2096a-ded4-44de-b51e-b7951a2f7c33", "value": 1}, {"id": "8c341d1b-66a3-47b9-86ee-5856490c8bfd", "value": 1}, {"id": "2ddf3c1a-47c7-40d6-b7bb-3821fac46bf6", "value": 0}, {"id": "5d1776f5-976f-4652-85f9-7eef65a4820b", "value": 0}, {"id": "f827704c-b785-401e-8d65-1bf43319f11e", "value": 0}, {"id": "c1e83405-7b21-4832-af71-27ed9717af9a", "value": 0}]
383b2561-34f7-4063-a2a1-99632cb2053e	764d8f44-d8f0-4173-b794-304685da62bc	f210da9e-ccfa-4190-84dd-79b10bd0f9a0	2026-05-20 13:09:11.165+00	[{"id": "40f2096a-ded4-44de-b51e-b7951a2f7c33", "value": 1}, {"id": "8c341d1b-66a3-47b9-86ee-5856490c8bfd", "value": 1}, {"id": "2ddf3c1a-47c7-40d6-b7bb-3821fac46bf6", "value": 0}, {"id": "5d1776f5-976f-4652-85f9-7eef65a4820b", "value": 0}, {"id": "f827704c-b785-401e-8d65-1bf43319f11e", "value": 0}, {"id": "c1e83405-7b21-4832-af71-27ed9717af9a", "value": 0}]
509ba7ee-2eda-414c-a6e9-f92298bbc801	38b28187-c7e2-49bb-9e6c-46536a5ee05f	f210da9e-ccfa-4190-84dd-79b10bd0f9a0	2026-05-20 13:33:25.544+00	[{"id": "40f2096a-ded4-44de-b51e-b7951a2f7c33", "value": 2}, {"id": "8c341d1b-66a3-47b9-86ee-5856490c8bfd", "value": 1}, {"id": "2ddf3c1a-47c7-40d6-b7bb-3821fac46bf6", "value": 0}, {"id": "5d1776f5-976f-4652-85f9-7eef65a4820b", "value": 0}, {"id": "f827704c-b785-401e-8d65-1bf43319f11e", "value": 0}, {"id": "c1e83405-7b21-4832-af71-27ed9717af9a", "value": 0}]
4718bc02-0449-4fcc-8cba-f16f1bc11654	376ac68a-02a9-4385-98ef-15da219b8bfb	f210da9e-ccfa-4190-84dd-79b10bd0f9a0	2026-05-20 13:34:14.173+00	[{"id": "40f2096a-ded4-44de-b51e-b7951a2f7c33", "value": 1}, {"id": "8c341d1b-66a3-47b9-86ee-5856490c8bfd", "value": 1}, {"id": "2ddf3c1a-47c7-40d6-b7bb-3821fac46bf6", "value": 1}, {"id": "5d1776f5-976f-4652-85f9-7eef65a4820b", "value": 0}, {"id": "f827704c-b785-401e-8d65-1bf43319f11e", "value": 0}, {"id": "c1e83405-7b21-4832-af71-27ed9717af9a", "value": 0}]
1ed48520-4b3a-4774-b009-89a0c7db7315	d97f84ba-1d2f-4e32-9d40-6e28f38d80b6	d6a2cf71-4cae-4064-abd5-551f0c875079	2026-06-17 13:52:54.695+00	[{"id": "40f2096a-ded4-44de-b51e-b7951a2f7c33", "value": 1}, {"id": "8c341d1b-66a3-47b9-86ee-5856490c8bfd", "value": 0}, {"id": "2ddf3c1a-47c7-40d6-b7bb-3821fac46bf6", "value": 0}, {"id": "5d1776f5-976f-4652-85f9-7eef65a4820b", "value": 0}, {"id": "f827704c-b785-401e-8d65-1bf43319f11e", "value": 1}, {"id": "c1e83405-7b21-4832-af71-27ed9717af9a", "value": 0}]
0ede5966-90f3-41e3-818a-84b0906ee8ce	c1fb4537-aafb-4690-b0d0-762d2f052088	d6a2cf71-4cae-4064-abd5-551f0c875079	2026-06-17 12:47:40.682+00	[{"id": "40f2096a-ded4-44de-b51e-b7951a2f7c33", "value": 1}, {"id": "8c341d1b-66a3-47b9-86ee-5856490c8bfd", "value": 0}, {"id": "2ddf3c1a-47c7-40d6-b7bb-3821fac46bf6", "value": 0}, {"id": "5d1776f5-976f-4652-85f9-7eef65a4820b", "value": 0}, {"id": "f827704c-b785-401e-8d65-1bf43319f11e", "value": 0}, {"id": "c1e83405-7b21-4832-af71-27ed9717af9a", "value": 0}]
d2078167-37d9-4caf-95a2-74cd99896381	c1fb4537-aafb-4690-b0d0-762d2f052088	f210da9e-ccfa-4190-84dd-79b10bd0f9a0	2026-06-17 12:51:10.304+00	[{"id": "40f2096a-ded4-44de-b51e-b7951a2f7c33", "value": 0}, {"id": "8c341d1b-66a3-47b9-86ee-5856490c8bfd", "value": 1}, {"id": "2ddf3c1a-47c7-40d6-b7bb-3821fac46bf6", "value": 0}, {"id": "5d1776f5-976f-4652-85f9-7eef65a4820b", "value": 0}, {"id": "f827704c-b785-401e-8d65-1bf43319f11e", "value": 0}, {"id": "c1e83405-7b21-4832-af71-27ed9717af9a", "value": 0}]
4e45eed9-7f9d-43b9-a3ed-2afb48557f0e	7a211c78-8837-4e84-86ff-4853f63ba356	d6a2cf71-4cae-4064-abd5-551f0c875079	2026-06-17 12:55:52.841+00	[{"id": "40f2096a-ded4-44de-b51e-b7951a2f7c33", "value": 1}, {"id": "8c341d1b-66a3-47b9-86ee-5856490c8bfd", "value": 0}, {"id": "2ddf3c1a-47c7-40d6-b7bb-3821fac46bf6", "value": 0}, {"id": "5d1776f5-976f-4652-85f9-7eef65a4820b", "value": 0}, {"id": "f827704c-b785-401e-8d65-1bf43319f11e", "value": 0}, {"id": "c1e83405-7b21-4832-af71-27ed9717af9a", "value": 0}]
309042b1-720e-496e-97e8-ed16436d8dd5	7320e846-88e8-4647-be9c-e3d79619025e	d6a2cf71-4cae-4064-abd5-551f0c875079	2026-06-17 13:51:53.323+00	[{"id": "40f2096a-ded4-44de-b51e-b7951a2f7c33", "value": 2}, {"id": "8c341d1b-66a3-47b9-86ee-5856490c8bfd", "value": 0}, {"id": "2ddf3c1a-47c7-40d6-b7bb-3821fac46bf6", "value": 0}, {"id": "5d1776f5-976f-4652-85f9-7eef65a4820b", "value": 0}, {"id": "f827704c-b785-401e-8d65-1bf43319f11e", "value": 0}, {"id": "c1e83405-7b21-4832-af71-27ed9717af9a", "value": 0}]
9bb93597-0ec1-4864-85dd-728879d1aa3b	89333b50-be49-4626-987e-8c598fc5a76c	d6a2cf71-4cae-4064-abd5-551f0c875079	2026-06-17 13:52:17.22+00	[{"id": "40f2096a-ded4-44de-b51e-b7951a2f7c33", "value": 2}, {"id": "8c341d1b-66a3-47b9-86ee-5856490c8bfd", "value": 1}, {"id": "2ddf3c1a-47c7-40d6-b7bb-3821fac46bf6", "value": 0}, {"id": "5d1776f5-976f-4652-85f9-7eef65a4820b", "value": 0}, {"id": "f827704c-b785-401e-8d65-1bf43319f11e", "value": 0}, {"id": "c1e83405-7b21-4832-af71-27ed9717af9a", "value": 0}]
648981c4-73ed-4ec4-9135-e09125ea3416	5b2fcc00-eb67-4bb6-8d14-955510d0508b	d6a2cf71-4cae-4064-abd5-551f0c875079	2026-06-17 13:52:22.235+00	[{"id": "40f2096a-ded4-44de-b51e-b7951a2f7c33", "value": 2}, {"id": "8c341d1b-66a3-47b9-86ee-5856490c8bfd", "value": 1}, {"id": "2ddf3c1a-47c7-40d6-b7bb-3821fac46bf6", "value": 0}, {"id": "5d1776f5-976f-4652-85f9-7eef65a4820b", "value": 0}, {"id": "f827704c-b785-401e-8d65-1bf43319f11e", "value": 0}, {"id": "c1e83405-7b21-4832-af71-27ed9717af9a", "value": 0}]
c8da2182-3020-442f-b68b-39d2712f7d2f	556ced4c-fb1f-43ba-81de-691b83702593	d6a2cf71-4cae-4064-abd5-551f0c875079	2026-06-17 13:52:26.836+00	[{"id": "40f2096a-ded4-44de-b51e-b7951a2f7c33", "value": 2}, {"id": "8c341d1b-66a3-47b9-86ee-5856490c8bfd", "value": 0}, {"id": "2ddf3c1a-47c7-40d6-b7bb-3821fac46bf6", "value": 0}, {"id": "5d1776f5-976f-4652-85f9-7eef65a4820b", "value": 0}, {"id": "f827704c-b785-401e-8d65-1bf43319f11e", "value": 0}, {"id": "c1e83405-7b21-4832-af71-27ed9717af9a", "value": 0}]
a46f2c82-ffdc-4c7e-9f78-01ae9bc5af42	eb4aa5f1-f303-4e75-80a6-72bd408ed372	d6a2cf71-4cae-4064-abd5-551f0c875079	2026-06-17 13:52:30.591+00	[{"id": "40f2096a-ded4-44de-b51e-b7951a2f7c33", "value": 1}, {"id": "8c341d1b-66a3-47b9-86ee-5856490c8bfd", "value": 0}, {"id": "2ddf3c1a-47c7-40d6-b7bb-3821fac46bf6", "value": 0}, {"id": "5d1776f5-976f-4652-85f9-7eef65a4820b", "value": 0}, {"id": "f827704c-b785-401e-8d65-1bf43319f11e", "value": 0}, {"id": "c1e83405-7b21-4832-af71-27ed9717af9a", "value": 0}]
1be4d8b2-9132-4d3f-aba8-8c8e8e1b0ef3	f1dab5d6-1a46-411a-bfc2-9812d56e1336	d6a2cf71-4cae-4064-abd5-551f0c875079	2026-06-17 13:52:32.718+00	[{"id": "40f2096a-ded4-44de-b51e-b7951a2f7c33", "value": 1}, {"id": "8c341d1b-66a3-47b9-86ee-5856490c8bfd", "value": 0}, {"id": "2ddf3c1a-47c7-40d6-b7bb-3821fac46bf6", "value": 0}, {"id": "5d1776f5-976f-4652-85f9-7eef65a4820b", "value": 0}, {"id": "f827704c-b785-401e-8d65-1bf43319f11e", "value": 0}, {"id": "c1e83405-7b21-4832-af71-27ed9717af9a", "value": 0}]
2c9875f0-6ee9-4c9f-933a-17dc18f70a4f	a52b4a7c-7815-4f6b-a69f-44dd368d3fe0	d6a2cf71-4cae-4064-abd5-551f0c875079	2026-06-17 13:52:33.068+00	[{"id": "40f2096a-ded4-44de-b51e-b7951a2f7c33", "value": 2}, {"id": "8c341d1b-66a3-47b9-86ee-5856490c8bfd", "value": 1}, {"id": "2ddf3c1a-47c7-40d6-b7bb-3821fac46bf6", "value": 0}, {"id": "5d1776f5-976f-4652-85f9-7eef65a4820b", "value": 0}, {"id": "f827704c-b785-401e-8d65-1bf43319f11e", "value": 0}, {"id": "c1e83405-7b21-4832-af71-27ed9717af9a", "value": 0}]
b19f0e9b-e5db-4bc1-9973-82df7cec21ef	9634435c-ab0f-4f48-8f0d-9dbd43347921	d6a2cf71-4cae-4064-abd5-551f0c875079	2026-06-17 13:53:00.101+00	[{"id": "40f2096a-ded4-44de-b51e-b7951a2f7c33", "value": 1}, {"id": "8c341d1b-66a3-47b9-86ee-5856490c8bfd", "value": 0}, {"id": "2ddf3c1a-47c7-40d6-b7bb-3821fac46bf6", "value": 0}, {"id": "5d1776f5-976f-4652-85f9-7eef65a4820b", "value": 0}, {"id": "f827704c-b785-401e-8d65-1bf43319f11e", "value": 0}, {"id": "c1e83405-7b21-4832-af71-27ed9717af9a", "value": 1}]
26ca910a-6c44-4849-9e98-9b8e328759aa	eeff60c3-03cf-4496-8a73-d27149a2aa53	d6a2cf71-4cae-4064-abd5-551f0c875079	2026-06-17 13:53:15.97+00	[{"id": "40f2096a-ded4-44de-b51e-b7951a2f7c33", "value": 1}, {"id": "8c341d1b-66a3-47b9-86ee-5856490c8bfd", "value": 0}, {"id": "2ddf3c1a-47c7-40d6-b7bb-3821fac46bf6", "value": 0}, {"id": "5d1776f5-976f-4652-85f9-7eef65a4820b", "value": 0}, {"id": "f827704c-b785-401e-8d65-1bf43319f11e", "value": 0}, {"id": "c1e83405-7b21-4832-af71-27ed9717af9a", "value": 0}]
44c3cd6b-f375-4ff8-900b-ebe82be8bd41	914b48d1-a852-4c24-9176-7f5ac3758710	d6a2cf71-4cae-4064-abd5-551f0c875079	2026-06-17 13:53:23.85+00	[{"id": "40f2096a-ded4-44de-b51e-b7951a2f7c33", "value": 1}, {"id": "8c341d1b-66a3-47b9-86ee-5856490c8bfd", "value": 0}, {"id": "2ddf3c1a-47c7-40d6-b7bb-3821fac46bf6", "value": 0}, {"id": "5d1776f5-976f-4652-85f9-7eef65a4820b", "value": 0}, {"id": "f827704c-b785-401e-8d65-1bf43319f11e", "value": 0}, {"id": "c1e83405-7b21-4832-af71-27ed9717af9a", "value": 0}]
dec2cb57-2ba0-49d9-bf14-55ff3677fcc7	376ac68a-02a9-4385-98ef-15da219b8bfb	d6a2cf71-4cae-4064-abd5-551f0c875079	2026-06-17 13:53:39.725+00	[{"id": "40f2096a-ded4-44de-b51e-b7951a2f7c33", "value": 1}, {"id": "8c341d1b-66a3-47b9-86ee-5856490c8bfd", "value": 1}, {"id": "2ddf3c1a-47c7-40d6-b7bb-3821fac46bf6", "value": 0}, {"id": "5d1776f5-976f-4652-85f9-7eef65a4820b", "value": 0}, {"id": "f827704c-b785-401e-8d65-1bf43319f11e", "value": 0}, {"id": "c1e83405-7b21-4832-af71-27ed9717af9a", "value": 0}]
4d1e9816-2bed-497f-b179-e0a965babe74	cfa91a77-261c-489a-8e1e-fca22a03a92f	d6a2cf71-4cae-4064-abd5-551f0c875079	2026-06-17 13:53:54.546+00	[{"id": "40f2096a-ded4-44de-b51e-b7951a2f7c33", "value": 2}, {"id": "8c341d1b-66a3-47b9-86ee-5856490c8bfd", "value": 1}, {"id": "2ddf3c1a-47c7-40d6-b7bb-3821fac46bf6", "value": 0}, {"id": "5d1776f5-976f-4652-85f9-7eef65a4820b", "value": 0}, {"id": "f827704c-b785-401e-8d65-1bf43319f11e", "value": 0}, {"id": "c1e83405-7b21-4832-af71-27ed9717af9a", "value": 0}]
3083108f-3d2c-4e43-a56d-1ea7f32283d1	764d8f44-d8f0-4173-b794-304685da62bc	d6a2cf71-4cae-4064-abd5-551f0c875079	2026-06-17 13:54:05.119+00	[{"id": "40f2096a-ded4-44de-b51e-b7951a2f7c33", "value": 2}, {"id": "8c341d1b-66a3-47b9-86ee-5856490c8bfd", "value": 0}, {"id": "2ddf3c1a-47c7-40d6-b7bb-3821fac46bf6", "value": 0}, {"id": "5d1776f5-976f-4652-85f9-7eef65a4820b", "value": 0}, {"id": "f827704c-b785-401e-8d65-1bf43319f11e", "value": 0}, {"id": "c1e83405-7b21-4832-af71-27ed9717af9a", "value": 0}]
ad0a9ba6-fea6-467a-b1e2-81ec8346d2b6	a3932a55-0ac5-41f4-876c-627a9ea93472	d6a2cf71-4cae-4064-abd5-551f0c875079	2026-06-17 13:54:19.075+00	[{"id": "40f2096a-ded4-44de-b51e-b7951a2f7c33", "value": 2}, {"id": "8c341d1b-66a3-47b9-86ee-5856490c8bfd", "value": 0}, {"id": "2ddf3c1a-47c7-40d6-b7bb-3821fac46bf6", "value": 0}, {"id": "5d1776f5-976f-4652-85f9-7eef65a4820b", "value": 0}, {"id": "f827704c-b785-401e-8d65-1bf43319f11e", "value": 0}, {"id": "c1e83405-7b21-4832-af71-27ed9717af9a", "value": 0}]
d1bd0762-4efb-44b7-ba19-81dc524ac091	a3932a55-0ac5-41f4-876c-627a9ea93472	f210da9e-ccfa-4190-84dd-79b10bd0f9a0	2026-06-17 13:54:24.99+00	[{"id": "40f2096a-ded4-44de-b51e-b7951a2f7c33", "value": 2}, {"id": "8c341d1b-66a3-47b9-86ee-5856490c8bfd", "value": 0}, {"id": "2ddf3c1a-47c7-40d6-b7bb-3821fac46bf6", "value": 0}, {"id": "5d1776f5-976f-4652-85f9-7eef65a4820b", "value": 0}, {"id": "f827704c-b785-401e-8d65-1bf43319f11e", "value": 0}, {"id": "c1e83405-7b21-4832-af71-27ed9717af9a", "value": 0}]
826ba260-532f-48b9-80b8-6d91dd5833c8	96029dba-9573-4e84-993a-3b347743b81e	d6a2cf71-4cae-4064-abd5-551f0c875079	2026-06-17 14:00:52.247+00	[{"id": "40f2096a-ded4-44de-b51e-b7951a2f7c33", "value": 1}, {"id": "8c341d1b-66a3-47b9-86ee-5856490c8bfd", "value": 1}, {"id": "2ddf3c1a-47c7-40d6-b7bb-3821fac46bf6", "value": 0}, {"id": "5d1776f5-976f-4652-85f9-7eef65a4820b", "value": 2}, {"id": "f827704c-b785-401e-8d65-1bf43319f11e", "value": 0}, {"id": "c1e83405-7b21-4832-af71-27ed9717af9a", "value": 0}]
8358c1c3-8dc7-4bf8-8569-e8b5fb98858e	f1dab5d6-1a46-411a-bfc2-9812d56e1336	f210da9e-ccfa-4190-84dd-79b10bd0f9a0	2026-06-17 14:25:44.738+00	[{"id": "40f2096a-ded4-44de-b51e-b7951a2f7c33", "value": 1}, {"id": "8c341d1b-66a3-47b9-86ee-5856490c8bfd", "value": 1}, {"id": "2ddf3c1a-47c7-40d6-b7bb-3821fac46bf6", "value": 0}, {"id": "5d1776f5-976f-4652-85f9-7eef65a4820b", "value": 0}, {"id": "f827704c-b785-401e-8d65-1bf43319f11e", "value": 0}, {"id": "c1e83405-7b21-4832-af71-27ed9717af9a", "value": 1}]
af80ef1d-c9b4-4297-a5c5-e92521786e72	a52b4a7c-7815-4f6b-a69f-44dd368d3fe0	f210da9e-ccfa-4190-84dd-79b10bd0f9a0	2026-06-23 05:17:47.804+00	[{"id": "40f2096a-ded4-44de-b51e-b7951a2f7c33", "value": 2}, {"id": "8c341d1b-66a3-47b9-86ee-5856490c8bfd", "value": 1}, {"id": "2ddf3c1a-47c7-40d6-b7bb-3821fac46bf6", "value": 0}, {"id": "5d1776f5-976f-4652-85f9-7eef65a4820b", "value": 0}, {"id": "f827704c-b785-401e-8d65-1bf43319f11e", "value": 0}, {"id": "c1e83405-7b21-4832-af71-27ed9717af9a", "value": 0}]
\.

COPY public.user_achievements (id, user_id, achievement_id, "timestamp") FROM stdin;
6d043bef-101e-44c6-8854-0507167cc6fc	7a211c78-8837-4e84-86ff-4853f63ba356	309efc9c-1b9b-4e99-a452-1ba9059da63f	2026-05-11 15:07:43.608542+00
5ba7f5ca-6cdd-4ec7-ad47-c59194efba12	bf8a2467-d9df-49b9-9397-59e72b9c64cf	309efc9c-1b9b-4e99-a452-1ba9059da63f	2026-05-11 15:08:02.393015+00
9ca20dac-b4fc-4950-89e9-2315338fd695	764d8f44-d8f0-4173-b794-304685da62bc	309efc9c-1b9b-4e99-a452-1ba9059da63f	2026-05-11 15:08:10.028756+00
3d38717f-841a-4748-b21f-db9bdb8c2671	9634435c-ab0f-4f48-8f0d-9dbd43347921	309efc9c-1b9b-4e99-a452-1ba9059da63f	2026-05-11 15:08:25.51639+00
9f0c7b70-3916-46ec-b626-776ff70ff34e	5b2fcc00-eb67-4bb6-8d14-955510d0508b	309efc9c-1b9b-4e99-a452-1ba9059da63f	2026-05-11 15:08:31.820978+00
da445fa0-a797-4c7d-83cf-8f8a5c0bbf84	9634435c-ab0f-4f48-8f0d-9dbd43347921	5c2e8115-8749-4f1a-87ab-4ce487be4cde	2026-05-11 15:18:07.111+00
21e3fd6d-a249-412d-9590-2bb8fad96fd3	5b2fcc00-eb67-4bb6-8d14-955510d0508b	5c2e8115-8749-4f1a-87ab-4ce487be4cde	2026-05-12 05:43:30.281+00
8b7b7f92-a6f2-418d-b4dc-a6b36362a2b5	bf8a2467-d9df-49b9-9397-59e72b9c64cf	5c2e8115-8749-4f1a-87ab-4ce487be4cde	2026-05-12 06:52:44.263+00
dc50f6bc-2bf9-42b1-80ef-432cc3ef012c	7a211c78-8837-4e84-86ff-4853f63ba356	5c2e8115-8749-4f1a-87ab-4ce487be4cde	2026-05-12 06:58:27.598+00
69477186-f2cf-4ca1-9ab2-5e427d9492f6	4995b099-3bc0-477b-8bad-f64416ace40a	309efc9c-1b9b-4e99-a452-1ba9059da63f	2026-05-12 07:10:35.447643+00
f90ab25a-503a-4e05-a5ec-229685f05968	a3932a55-0ac5-41f4-876c-627a9ea93472	309efc9c-1b9b-4e99-a452-1ba9059da63f	2026-05-12 07:10:46.043599+00
9c65cdb9-ac88-4a2b-be1e-6e3f25a7e26d	7320e846-88e8-4647-be9c-e3d79619025e	309efc9c-1b9b-4e99-a452-1ba9059da63f	2026-05-12 07:11:06.60905+00
c0ac54aa-b5d0-4a96-b750-744fc1f7f35b	7320e846-88e8-4647-be9c-e3d79619025e	5c2e8115-8749-4f1a-87ab-4ce487be4cde	2026-05-12 07:11:49.537+00
176f63c3-4863-454b-9cbd-40d12db788dc	a3932a55-0ac5-41f4-876c-627a9ea93472	5c2e8115-8749-4f1a-87ab-4ce487be4cde	2026-05-12 11:07:10.856+00
c7658df6-d4ab-4a49-98c1-c4c9f7e9355a	4995b099-3bc0-477b-8bad-f64416ace40a	5c2e8115-8749-4f1a-87ab-4ce487be4cde	2026-05-12 11:53:48.84+00
7d4fa354-8b53-4850-8728-7ca77b34737b	a3932a55-0ac5-41f4-876c-627a9ea93472	c4473f00-ead4-466d-981b-dc4c3a7e987e	2026-05-12 12:11:57.229749+00
382e355a-a45c-439e-8e0f-b98441ea372d	764d8f44-d8f0-4173-b794-304685da62bc	5c2e8115-8749-4f1a-87ab-4ce487be4cde	2026-05-12 12:12:39.494+00
b92d64c3-f4d4-42eb-ae9b-eab852ff0b2d	89333b50-be49-4626-987e-8c598fc5a76c	309efc9c-1b9b-4e99-a452-1ba9059da63f	2026-05-12 12:18:32.519942+00
51f3352f-5e08-4dae-8475-21864d3b4ed5	89333b50-be49-4626-987e-8c598fc5a76c	5c2e8115-8749-4f1a-87ab-4ce487be4cde	2026-05-12 12:19:08.173+00
9ade3b20-e6ac-4ab9-8a99-64ee5541ed92	556ced4c-fb1f-43ba-81de-691b83702593	309efc9c-1b9b-4e99-a452-1ba9059da63f	2026-05-18 07:45:18.2866+00
3424cce8-c053-40d6-aa5d-cbfab8f22802	556ced4c-fb1f-43ba-81de-691b83702593	c4473f00-ead4-466d-981b-dc4c3a7e987e	2026-05-18 08:08:31.784771+00
862ebaad-ac2f-49d8-9908-3ad384a06f28	d97f84ba-1d2f-4e32-9d40-6e28f38d80b6	5c420c1e-50d3-46bf-8ff0-28d2f790470a	2026-05-19 07:11:48.396+00
403225d5-fe19-4acb-a62b-9a4c19122f8d	d97f84ba-1d2f-4e32-9d40-6e28f38d80b6	2826198b-140c-4b4f-85be-da032ddd7611	2026-05-19 07:11:48.396+00
35e17604-1255-4990-bdb6-8092bfc80fb9	7a211c78-8837-4e84-86ff-4853f63ba356	5c420c1e-50d3-46bf-8ff0-28d2f790470a	2026-05-19 07:12:51.712+00
f39b7fcd-337d-4f17-a0c1-14528af54a1b	d97f84ba-1d2f-4e32-9d40-6e28f38d80b6	5c2e8115-8749-4f1a-87ab-4ce487be4cde	2026-05-19 07:16:20.622+00
b34882f3-2dda-4cf9-a3f1-def7d71c6848	d97f84ba-1d2f-4e32-9d40-6e28f38d80b6	c4473f00-ead4-466d-981b-dc4c3a7e987e	2026-05-19 07:22:35.614493+00
7741e352-6117-4c92-9060-174236808c1f	d97f84ba-1d2f-4e32-9d40-6e28f38d80b6	309efc9c-1b9b-4e99-a452-1ba9059da63f	2026-05-19 07:26:40.63276+00
fbc6b80b-6d7a-4d06-93c8-66985ba877e8	f1dab5d6-1a46-411a-bfc2-9812d56e1336	e61070d5-0430-4553-a6e3-e7866b2724b2	2026-05-19 07:29:38.825+00
b9b0f6f9-277d-4d68-8f7a-38759d87b64a	f1dab5d6-1a46-411a-bfc2-9812d56e1336	5c2e8115-8749-4f1a-87ab-4ce487be4cde	2026-05-19 07:30:32.427+00
487c84ef-4b67-4e1c-a6d2-81ab5bb75117	bf8a2467-d9df-49b9-9397-59e72b9c64cf	e61070d5-0430-4553-a6e3-e7866b2724b2	2026-05-19 07:43:04.264+00
827cb063-7f51-46d5-8b94-e0b9749ab054	9634435c-ab0f-4f48-8f0d-9dbd43347921	e61070d5-0430-4553-a6e3-e7866b2724b2	2026-05-19 07:45:07.471+00
7c21a221-95a5-4ff9-b84a-127daa30913b	7a211c78-8837-4e84-86ff-4853f63ba356	e61070d5-0430-4553-a6e3-e7866b2724b2	2026-05-19 09:09:12.932+00
339efb56-ea27-435a-843f-252ce551138f	556ced4c-fb1f-43ba-81de-691b83702593	5c2e8115-8749-4f1a-87ab-4ce487be4cde	2026-05-19 11:12:21.5+00
829b5e91-39ef-4cb6-8c33-cd51fd2653c1	556ced4c-fb1f-43ba-81de-691b83702593	e61070d5-0430-4553-a6e3-e7866b2724b2	2026-05-19 11:19:38.942+00
26ea983e-34f3-42d3-af06-e7e9fccecd83	d97f84ba-1d2f-4e32-9d40-6e28f38d80b6	e61070d5-0430-4553-a6e3-e7866b2724b2	2026-05-19 12:15:26.19+00
bec01eeb-a410-4561-a65a-97bebca64263	7320e846-88e8-4647-be9c-e3d79619025e	e61070d5-0430-4553-a6e3-e7866b2724b2	2026-05-19 14:01:35.86+00
1579b3b6-e3ef-47a8-98f5-3652de7602ee	914b48d1-a852-4c24-9176-7f5ac3758710	e61070d5-0430-4553-a6e3-e7866b2724b2	2026-05-20 12:20:39.303+00
9fe5377d-2171-4dc6-b0ef-859cebcbae1c	914b48d1-a852-4c24-9176-7f5ac3758710	5c2e8115-8749-4f1a-87ab-4ce487be4cde	2026-05-20 12:21:10.714+00
b8f9a428-5640-407c-ada1-ee086b325ad6	7320e846-88e8-4647-be9c-e3d79619025e	5c420c1e-50d3-46bf-8ff0-28d2f790470a	2026-05-20 12:35:09.455+00
6b80702f-5f07-4862-925b-67392f6a4bdd	7320e846-88e8-4647-be9c-e3d79619025e	dd025a97-baf8-41be-8df2-640d151547fd	2026-05-20 12:36:09.723+00
07ecdaf3-dc90-4db3-8fab-fb929ebacbf7	f1dab5d6-1a46-411a-bfc2-9812d56e1336	5c420c1e-50d3-46bf-8ff0-28d2f790470a	2026-05-20 12:36:12.768+00
0b7a070f-5693-4e25-8b73-e6c4225e57ac	f1dab5d6-1a46-411a-bfc2-9812d56e1336	dd025a97-baf8-41be-8df2-640d151547fd	2026-05-20 12:36:12.768+00
10358586-e5c5-48b5-9416-c5aba2e15cc2	f1dab5d6-1a46-411a-bfc2-9812d56e1336	b32e062e-3d1d-4e7e-9971-acb5564870f8	2026-05-20 12:36:12.768+00
e93874d0-feff-42fd-9f71-b497cae2d247	f1dab5d6-1a46-411a-bfc2-9812d56e1336	2826198b-140c-4b4f-85be-da032ddd7611	2026-05-20 12:36:12.768+00
78d9b6f6-e51d-42f9-a919-6277e2f1b027	eb4aa5f1-f303-4e75-80a6-72bd408ed372	dd025a97-baf8-41be-8df2-640d151547fd	2026-05-20 12:39:11.794+00
29d2ee39-329f-4cae-aa8f-49fa20339348	eb4aa5f1-f303-4e75-80a6-72bd408ed372	5c2e8115-8749-4f1a-87ab-4ce487be4cde	2026-05-20 12:39:11.84+00
ff94d77c-221f-4a9a-bf15-023cf11f5444	cfa91a77-261c-489a-8e1e-fca22a03a92f	dd025a97-baf8-41be-8df2-640d151547fd	2026-05-20 12:40:51.128+00
93c22fe2-8f79-44ac-b03e-7d0c07be554b	cfa91a77-261c-489a-8e1e-fca22a03a92f	5c2e8115-8749-4f1a-87ab-4ce487be4cde	2026-05-20 12:45:15.796+00
1c0c5208-5df4-4e2d-9e60-c7636730e093	cfa91a77-261c-489a-8e1e-fca22a03a92f	e61070d5-0430-4553-a6e3-e7866b2724b2	2026-05-20 12:45:15.796+00
8dc644af-519f-4067-a221-5c902553cb8e	bf8a2467-d9df-49b9-9397-59e72b9c64cf	5c420c1e-50d3-46bf-8ff0-28d2f790470a	2026-05-20 12:50:12.507+00
d1552955-57da-424a-b85a-851b8e34e69f	eeff60c3-03cf-4496-8a73-d27149a2aa53	e61070d5-0430-4553-a6e3-e7866b2724b2	2026-05-20 12:54:10.214+00
f8fdeb69-feaa-47a6-9d3b-371929185ed6	eeff60c3-03cf-4496-8a73-d27149a2aa53	5c2e8115-8749-4f1a-87ab-4ce487be4cde	2026-05-20 12:54:53.763+00
250bf556-63ff-44ed-ab90-b73d737353ea	eeff60c3-03cf-4496-8a73-d27149a2aa53	dd025a97-baf8-41be-8df2-640d151547fd	2026-05-20 12:54:53.763+00
f1ff399c-2f49-416d-9b38-50c69629edb6	27674ab5-bf83-4940-bfef-70999cd95abd	dd025a97-baf8-41be-8df2-640d151547fd	2026-05-20 12:56:04.351+00
614f1ad0-7187-4b8b-a22d-a1da3a47593f	556ced4c-fb1f-43ba-81de-691b83702593	5c420c1e-50d3-46bf-8ff0-28d2f790470a	2026-05-20 13:00:33.104+00
d36647ae-45b9-42f1-b164-ae5fd4e70086	556ced4c-fb1f-43ba-81de-691b83702593	dd025a97-baf8-41be-8df2-640d151547fd	2026-05-20 13:01:11.345+00
9e438c9f-28d7-405d-b5e2-cee83022e578	914b48d1-a852-4c24-9176-7f5ac3758710	dd025a97-baf8-41be-8df2-640d151547fd	2026-05-20 13:01:18.038+00
645fbec3-4c63-4e0c-af8a-504cfaf8f44e	89333b50-be49-4626-987e-8c598fc5a76c	dd025a97-baf8-41be-8df2-640d151547fd	2026-05-20 13:01:21.403+00
57054720-3c9a-47d3-b8fa-349edd543033	7a211c78-8837-4e84-86ff-4853f63ba356	dd025a97-baf8-41be-8df2-640d151547fd	2026-05-20 13:03:35.07+00
13d6d18f-4e6a-4c96-a7e5-38e82374c47c	bf8a2467-d9df-49b9-9397-59e72b9c64cf	dd025a97-baf8-41be-8df2-640d151547fd	2026-05-20 13:06:42.117+00
8d49c1aa-8980-4fb5-87e6-064938f5b36c	d97f84ba-1d2f-4e32-9d40-6e28f38d80b6	dd025a97-baf8-41be-8df2-640d151547fd	2026-05-20 13:07:07.24+00
b831fdb7-0681-44fd-86d4-95ba5dc6beed	9634435c-ab0f-4f48-8f0d-9dbd43347921	dd025a97-baf8-41be-8df2-640d151547fd	2026-05-20 13:08:20.055+00
a1fb67ed-1f74-4cf2-80a6-e931abae6cdd	764d8f44-d8f0-4173-b794-304685da62bc	5c420c1e-50d3-46bf-8ff0-28d2f790470a	2026-05-20 13:08:20.552+00
77f77ef2-56eb-42ff-bfd9-ed9c770d409f	764d8f44-d8f0-4173-b794-304685da62bc	dd025a97-baf8-41be-8df2-640d151547fd	2026-05-20 13:09:11.266+00
09621eba-3cca-4700-b2f4-eae1bbf7ffe8	7a211c78-8837-4e84-86ff-4853f63ba356	c4473f00-ead4-466d-981b-dc4c3a7e987e	2026-05-20 13:10:08.161552+00
10f9dd1e-27a2-40f2-a5ed-2541a4925bd1	764d8f44-d8f0-4173-b794-304685da62bc	e61070d5-0430-4553-a6e3-e7866b2724b2	2026-05-20 13:10:56.412+00
2949a8e3-3ec5-4334-a2e8-6d6998cd09a0	27674ab5-bf83-4940-bfef-70999cd95abd	5c2e8115-8749-4f1a-87ab-4ce487be4cde	2026-05-20 13:31:09.614+00
7f774b27-f209-4185-9585-9e0a21bdc7f8	38b28187-c7e2-49bb-9e6c-46536a5ee05f	dd025a97-baf8-41be-8df2-640d151547fd	2026-05-20 13:33:25.587+00
94ce5629-06be-4dc2-8ef1-940c87526caa	38b28187-c7e2-49bb-9e6c-46536a5ee05f	5c2e8115-8749-4f1a-87ab-4ce487be4cde	2026-05-20 13:33:25.659+00
62eec577-4896-4f67-9b61-f09c65c8c334	376ac68a-02a9-4385-98ef-15da219b8bfb	dd025a97-baf8-41be-8df2-640d151547fd	2026-05-20 13:34:14.271+00
7309b7b8-5e04-471b-83fe-e39d47e04fbd	376ac68a-02a9-4385-98ef-15da219b8bfb	5c2e8115-8749-4f1a-87ab-4ce487be4cde	2026-05-20 13:35:03.153+00
54603e2f-4ac4-447b-993e-debea17167b0	5b2fcc00-eb67-4bb6-8d14-955510d0508b	e61070d5-0430-4553-a6e3-e7866b2724b2	2026-06-08 04:56:23.105+00
5f6e15a0-acfd-40fd-9ed6-81af122f621f	c1fb4537-aafb-4690-b0d0-762d2f052088	dd025a97-baf8-41be-8df2-640d151547fd	2026-06-17 12:47:40.769+00
1166444b-fe80-46cf-8136-54711a296f03	c1fb4537-aafb-4690-b0d0-762d2f052088	5c2e8115-8749-4f1a-87ab-4ce487be4cde	2026-06-17 12:48:48.776+00
fe593c58-370b-462e-bc5b-05aa2f8dadd3	5b2fcc00-eb67-4bb6-8d14-955510d0508b	dd025a97-baf8-41be-8df2-640d151547fd	2026-06-17 13:52:22.292+00
4ae18eac-0687-4747-978f-2922fa7212d5	a52b4a7c-7815-4f6b-a69f-44dd368d3fe0	dd025a97-baf8-41be-8df2-640d151547fd	2026-06-17 13:52:33.148+00
64eeaf81-ead7-4f1d-b8ec-89bc46e13390	a52b4a7c-7815-4f6b-a69f-44dd368d3fe0	5c2e8115-8749-4f1a-87ab-4ce487be4cde	2026-06-17 13:52:33.239+00
b7b75eb4-155d-46a7-b31e-2430c26c4ab1	96029dba-9573-4e84-993a-3b347743b81e	5c2e8115-8749-4f1a-87ab-4ce487be4cde	2026-06-17 13:52:34.055+00
fcb850de-4355-4eb9-a860-b7579087b1ec	d97f84ba-1d2f-4e32-9d40-6e28f38d80b6	9915aa50-0301-4576-be37-867f4f8f520d	2026-06-17 13:52:54.744+00
0ade47de-a105-46bf-8a4b-ef8b15f93928	9634435c-ab0f-4f48-8f0d-9dbd43347921	b32e062e-3d1d-4e7e-9971-acb5564870f8	2026-06-17 13:53:00.163+00
5bf1130f-1175-4473-a41a-36d28faf698f	96029dba-9573-4e84-993a-3b347743b81e	5c420c1e-50d3-46bf-8ff0-28d2f790470a	2026-06-17 13:53:04.797+00
b864b3b9-a9ad-4e52-af71-2985d1513f1e	96029dba-9573-4e84-993a-3b347743b81e	dd025a97-baf8-41be-8df2-640d151547fd	2026-06-17 13:53:04.797+00
e6144e24-6c48-4cb4-bb9a-8c88baa162d8	96029dba-9573-4e84-993a-3b347743b81e	851e068d-266b-4676-ba2f-f044e87c5f46	2026-06-17 13:53:04.797+00
366fe343-92a3-416f-addd-427066b76cda	a3932a55-0ac5-41f4-876c-627a9ea93472	dd025a97-baf8-41be-8df2-640d151547fd	2026-06-17 13:54:19.117+00
6c172dfd-4431-43e9-ba81-fefc451af01b	376ac68a-02a9-4385-98ef-15da219b8bfb	309efc9c-1b9b-4e99-a452-1ba9059da63f	2026-06-17 13:56:35.96567+00
09793e67-b8ab-49ab-a75d-41f52935b38c	96029dba-9573-4e84-993a-3b347743b81e	b82339b6-27db-4e4c-b95d-befda6aa672a	2026-06-17 14:00:52.378+00
e61e89ef-3eae-42bd-be12-de8e4a7f3b51	96029dba-9573-4e84-993a-3b347743b81e	2826198b-140c-4b4f-85be-da032ddd7611	2026-06-17 14:00:52.378+00
21980aca-8db0-4f4d-a1ce-8345899e8837	f1dab5d6-1a46-411a-bfc2-9812d56e1336	b82339b6-27db-4e4c-b95d-befda6aa672a	2026-06-17 14:25:40.305+00
e7a9f1f2-9f8b-417d-9276-e768742a3a54	f1dab5d6-1a46-411a-bfc2-9812d56e1336	9915aa50-0301-4576-be37-867f4f8f520d	2026-06-17 14:25:40.305+00
\.

COPY public.user_levels (user_id, current_level, last_level_up) FROM stdin;
96029dba-9573-4e84-993a-3b347743b81e	1	2026-06-17 14:00:52.284328+00
\.

COPY public.user_powerups (user_id, lootboxes, small_point_multiplicators, medium_point_multiplicators, large_point_multiplicators, streak_freezes, role_presents, role_shields) FROM stdin;
f1dab5d6-1a46-411a-bfc2-9812d56e1336	0	0	0	0	10	0	0
27674ab5-bf83-4940-bfef-70999cd95abd	0	0	0	0	0	0	0
5b2fcc00-eb67-4bb6-8d14-955510d0508b	1	0	0	0	0	0	0
4995b099-3bc0-477b-8bad-f64416ace40a	0	0	0	0	1	0	0
9634435c-ab0f-4f48-8f0d-9dbd43347921	0	0	0	0	0	0	1
914b48d1-a852-4c24-9176-7f5ac3758710	0	0	0	0	1	0	0
7a211c78-8837-4e84-86ff-4853f63ba356	0	0	0	0	0	0	1
7320e846-88e8-4647-be9c-e3d79619025e	0	0	0	0	0	0	1
a3932a55-0ac5-41f4-876c-627a9ea93472	0	0	0	0	0	1	0
89333b50-be49-4626-987e-8c598fc5a76c	0	0	0	0	1	0	0
eb4aa5f1-f303-4e75-80a6-72bd408ed372	0	0	0	0	1	0	0
764d8f44-d8f0-4173-b794-304685da62bc	0	0	0	0	1	0	0
d97f84ba-1d2f-4e32-9d40-6e28f38d80b6	0	0	0	0	0	0	1
bf8a2467-d9df-49b9-9397-59e72b9c64cf	0	0	0	0	0	0	0
871137dd-b3f3-4b4d-9f61-2c44169a54f9	1	0	0	0	0	0	0
556ced4c-fb1f-43ba-81de-691b83702593	0	0	0	0	1	0	0
cfa91a77-261c-489a-8e1e-fca22a03a92f	0	0	0	0	0	0	1
38b28187-c7e2-49bb-9e6c-46536a5ee05f	1	0	0	0	0	0	0
eeff60c3-03cf-4496-8a73-d27149a2aa53	1	0	0	0	0	0	0
376ac68a-02a9-4385-98ef-15da219b8bfb	0	0	0	0	1	0	0
a52b4a7c-7815-4f6b-a69f-44dd368d3fe0	0	0	0	0	1	0	0
c1fb4537-aafb-4690-b0d0-762d2f052088	0	0	1	0	0	0	0
96029dba-9573-4e84-993a-3b347743b81e	0	0	1	0	1	0	0
d397c9db-5347-451c-a872-6e31f83874f9	1	0	0	0	0	0	0
b1291e45-4242-43f7-8e3b-079b5ce09d7b	1	0	0	0	0	0	0
\.

COMMIT;
